,OBJECTID,TRACT,GEOID,Total Population,Total Pop of 1 Race,Pop of 1 race: White,Pop of 1 race: Black,Pop of 1 race: American Indian Alaskan,Pop of 1 race: Asian,Pop of 1 race: Native Hawaiian Pacific Islander,Pop of 1 race: Other Race,Pop 2 or more races: Black and,Pop 2 or more races: American Indian Alaskan and,Pop 2 or more races: Asian and,Pop 2 or more races: Native Hawaiian Pacific Islander and,Total Hispanic Population,Total Non-Minority Population (White Not Hispanic),Not Hispanic Pop of 1 race: Black,Not Hispanic Pop of 1 race: American Indian Alaskan,Not Hispanic Pop of 1 race: Asian,Not Hispanic Pop of 1 race: Native Hawaiian Pacific Islander,Not Hispanic Pop of 1 race: Other Race,Not Hispanic Pop 2 or more races: Black and,Not Hispanic Pop 2 or more races: American Indian Alaskan and,Not Hispanic Pop 2 or more races: Asian and,Not Hispanic Pop 2 or more races: Native Hawaiian Pacific Islander and,Total Pop 18+,18+ Pop 1 race: White,18+ Pop 1 race: Black,18+ Pop 1 race: American Indian Alaskan,18+ Pop 1 race: Asian,18+ Pop 1 race: Native Hawaiian Pacific Islander,18+ Pop 1 race: Other race,18+ Pop 2 or more races: Black and,18+ Pop 2 or more races: American Indian Alaskan and,18+ Pop 2 or more races: Asian and,18+ Pop 2 or more races: Native Hawaiian Pacific Islander,Hispanic 18+ Pop,Non-Minority 18+ Pop (White Non-Hispanic),Not Hispanic 18+ Pop 1 race: Black,Not Hispanic 18+ Pop 1 race: American Indian Alaskan,Not Hispanic 18+ Pop 1 race: Asian,Not Hispanic 18+ Pop 1 race: Native Hawaiian Pacific Islander,Not Hispanic 18+ Pop 1 race: Other race,Not Hispanic 18+ Pop 2 or more races: Black and,Not Hispanic 18+ Pop 2 or more races: American Indian Alaskan and,Not Hispanic 18+ Pop 2 or more races: Asian and,Not Hispanic 18+ Pop 2 or more races: Native Hawaiian Pacific Islander and,Total Housing Units,Occupied Housing Units,Vacant Housing Units,ACRES,SQ_MILES,Shape_Length,Shape_Area,FAGI_TOTAL_2010,FAGI_MEDIAN_2010,FAGI_TOTAL_2013,FAGI_MEDIAN_2013,FAGI_TOTAL_2011,FAGI_MEDIAN_2011,FAGI_TOTAL_2012,FAGI_MEDIAN_2012,FAGI_TOTAL_2014,FAGI_MEDIAN_2014,FAGI_TOTAL_2015,FAGI_MEDIAN_2015,NEIGHBORHOODCLUSTER,POPDENSITY,INCOME_LEVEL_2010,INCOME_LEVEL_2015
0,1,34.0,11001003400,4347,4152,576,3392,20,97,3,64,157,66,45,8,239,528,3295,8,90,3,16,143,61,40,5,3997,538,3129,15,86,3,53,140,59,40,8,200,500,3043,8,79,3,14,129,55,35,5,1347,1025,322,266.26420059,0.41603782,4800.86593863745,1077532.99660087,53344073.0,39287.0,75037699.0,43117.0,59287920.0,38099.0,70436558.0,40413.0,79636907.0,42596.0,92096567.0,46152.0,3,10448.569315164665,MID_INCOME,MID_INCOME
1,2,35.0,11001003500,3740,3594,626,2681,14,106,0,167,91,26,28,8,371,530,2620,11,106,0,7,70,24,25,7,3398,581,2444,13,104,0,131,85,26,23,8,292,508,2387,10,104,0,7,70,24,20,7,1189,964,225,94.35238321,0.14742560000000002,2982.4735584343102,381830.550236599,46454657.0,30673.5,66239783.0,32859.5,55914150.0,30555.5,60909648.0,32885.0,78873551.0,40450.0,97549566.0,44843.0,3,25368.728361966983,MID_INCOME,MID_INCOME
2,3,36.0,11001003600,4208,4048,1773,1645,13,161,0,456,58,39,44,11,809,1521,1604,8,158,0,14,49,20,41,9,3680,1691,1378,11,149,0,324,50,31,35,10,616,1473,1346,7,146,0,11,44,19,32,8,2308,1987,321,75.52164797,0.11800258,2293.46528038609,305625.267934718,110621750.0,35858.0,161376203.0,42788.5,147954698.0,40355.0,153247476.0,40692.0,143081526.0,41616.0,178040405.0,46806.0,2,35660.23725921925,MID_INCOME,MID_INCOME
3,4,37.0,11001003700,5763,5507,1915,2527,22,212,10,821,134,60,55,15,1514,1490,2405,13,206,7,16,65,34,45,7,4798,1782,1988,17,193,9,605,106,50,49,10,1125,1450,1906,9,188,6,15,55,26,41,7,2570,2401,169,72.2318631,0.11286229,2297.04064353927,292311.980827426,103905996.0,32263.0,162058134.0,41387.5,126923023.0,35705.5,143596631.0,38248.0,140501730.0,39131.0,181651966.0,45690.5,2,51062.2281366079,MID_INCOME,MID_INCOME
4,5,38.0,11001003800,4614,4419,2884,825,22,261,1,426,77,37,78,7,935,2456,796,10,257,1,26,59,27,68,3,4177,2726,729,18,240,1,313,53,35,64,6,738,2364,705,8,236,1,22,39,26,55,2,2861,2625,236,87.92165175,0.13737758,2708.29507380276,355806.303173665,155960140.0,48799.0,209040361.0,54786.0,196678623.0,52077.0,213601983.0,54908.0,213544242.0,56380.0,235619338.0,60561.0,1,33586.26640533339,MID_INCOME,MID_INCOME
5,6,39.0,11001003900,4474,4304,3285,563,21,225,4,206,88,43,59,3,553,2995,546,13,224,3,21,55,25,57,3,4225,3145,528,20,208,4,181,72,34,49,3,492,2884,511,13,207,3,17,46,24,47,3,2996,2806,190,99.08050118,0.15481328,3408.08064364438,400964.56490771205,155878056.0,51160.0,206237963.0,59470.0,211741280.0,56264.5,215163653.0,58480.0,179473697.0,58736.0,214640250.0,63630.0,1,28899.329566559147,MID_INCOME,MID_INCOME
6,7,65.0,11001006500,2531,2469,2088,228,13,113,1,26,19,13,32,7,123,1999,222,11,112,1,10,17,9,31,6,2296,1913,212,11,97,1,18,11,8,25,5,102,1837,207,10,96,1,6,9,6,24,4,1543,1320,223,122.57017207,0.1915159,3386.49588135959,496023.89097890205,120078372.0,76911.0,138021124.0,79139.0,138113790.0,75279.0,153834127.0,75784.0,137875103.0,89279.0,156307500.0,92684.0,26,13215.612907335631,MID_HIGH_INCOME,MID_HIGH_INCOME
7,8,15.0,11001001500,5911,5729,4877,643,7,145,2,55,67,34,97,8,304,4642,637,6,144,2,21,62,27,86,8,4371,3609,521,7,119,2,34,33,21,36,5,205,3444,517,6,118,2,15,31,16,30,5,2126,2081,45,1161.05094687,1.81414212,10650.327087649599,4698606.50898024,505817116.0,135878.0,464768292.0,136868.0,531571394.0,140516.0,611814393.0,147108.0,586301676.0,158383.0,623341016.0,165589.0,10,3258.2893781221505,HIGH_INCOME,HIGH_INCOME
8,9,16.0,11001001600,3957,3799,997,2670,8,55,1,68,114,51,45,0,200,930,2621,4,55,0,15,104,45,37,0,3239,801,2255,6,48,1,42,59,41,19,0,136,756,2219,3,48,0,6,57,39,16,0,1685,1620,65,667.00608096,1.04219701,8627.683622023951,2699277.85855378,239860892.0,88449.5,206050056.0,86508.5,241106479.0,84972.0,253855939.0,89084.5,280146313.0,97830.5,285179163.0,99800.5,16,3796.7869433822307,MID_HIGH_INCOME,MID_HIGH_INCOME
9,10,17.02,11001001702,2644,2519,1020,1342,6,79,1,71,94,34,29,2,212,918,1325,5,78,1,8,77,33,25,1,2273,888,1175,5,70,1,55,57,26,18,1,155,815,1162,4,69,1,6,45,25,17,1,1312,1230,82,229.81597262,0.35908746,4873.12595831827,930032.2502837359,85001437.0,53846.5,99172867.0,57746.0,95489279.0,53472.5,101908307.0,56393.0,112274193.0,59101.0,118391616.0,59590.0,17,7363.108697808606,MID_INCOME,MID_INCOME
10,11,1.0,11001000100,4890,4808,4444,105,9,201,2,47,17,12,47,2,296,4202,101,8,198,2,15,16,10,43,2,4305,3924,93,8,184,2,33,11,12,30,2,257,3711,90,7,181,2,9,10,10,26,2,2999,2686,313,585.8460139,0.9153844000000001,10028.2362852268,2370834.717974,551823378.0,89357.0,444019426.0,86101.5,563927063.0,88250.0,806141206.0,92634.0,856267279.0,108308.0,698565228.0,110944.5,4,5342.018063668115,MID_HIGH_INCOME,HIGH_INCOME
12,13,2.02,11001000202,5425,5294,4705,159,5,375,3,47,33,16,76,7,343,4438,150,3,370,3,12,27,14,68,6,5061,4384,155,4,360,3,43,26,15,65,7,320,4132,146,3,355,3,10,22,14,59,6,2143,1933,210,305.03946428,0.47662417,6742.45937677228,1234450.92243497,379656242.0,116867.0,244019719.0,95033.5,365051633.0,109460.5,390987146.0,106470.0,433631252.0,114630.0,429158437.0,115586.0,4,11382.133642110512,HIGH_INCOME,HIGH_INCOME
13,14,3.0,11001000300,6233,6076,5497,139,11,352,1,76,48,20,93,9,404,5186,135,10,348,1,10,44,18,89,9,5542,4900,123,9,323,1,71,36,21,60,7,344,4644,121,8,319,1,8,32,16,59,7,2912,2754,158,252.60319581,0.3946925,4077.6913194682,1022248.8713540001,274689743.0,66914.5,306388942.0,58822.0,356897869.0,58959.5,371428724.0,61936.5,322647481.0,73252.0,358002514.0,70413.0,14,15792.040639231807,MID_HIGH_INCOME,MID_HIGH_INCOME
14,15,4.0,11001000400,1455,1428,1247,50,2,103,0,26,9,2,15,1,123,1149,46,1,103,0,12,6,2,15,1,1218,1032,43,2,100,0,23,7,1,10,1,104,949,39,1,100,0,10,5,1,10,1,690,636,54,378.38282437,0.59122317,5949.90953355894,1531260.97201112,244811632.0,104934.0,130390459.0,110621.0,224772922.0,101766.0,221418072.0,102512.0,260450481.0,130923.5,296162003.0,121711.0,15,2460.999625572861,HIGH_INCOME,HIGH_INCOME
15,16,5.01,11001000501,3376,3267,2853,124,7,249,1,33,32,18,64,3,231,2689,122,3,246,1,4,18,9,60,3,3195,2729,114,5,232,1,28,25,17,47,3,201,2585,112,3,229,1,2,13,9,45,3,2186,2027,159,233.38426375,0.36466291,6813.633099265329,944472.6122603859,157450900.0,65919.0,182269099.0,68973.0,196513698.0,64763.5,210628169.0,70218.0,260010497.2,72707.0,243419505.0,76949.5,15,9257.865023892888,MID_HIGH_INCOME,MID_HIGH_INCOME
16,17,9.02,11001000902,2092,2021,1861,67,4,77,1,11,28,12,40,2,107,1776,63,3,77,1,5,22,9,37,2,1544,1388,50,1,67,1,7,9,8,16,2,71,1327,48,1,67,1,4,7,6,15,2,862,833,29,538.80195519,0.84187806,8704.28779266295,2180454.16569644,218882503.0,121032.0,176273097.0,113487.0,226114271.0,117436.0,262353665.44,121474.5,282158382.0,142212.0,318502754.0,148690.0,13,2484.9204408533938,HIGH_INCOME,HIGH_INCOME
17,18,10.01,11001001001,7436,7168,6342,298,17,432,2,77,74,33,172,9,512,5925,295,9,427,2,22,61,28,164,8,5918,5097,249,14,365,2,65,38,23,71,8,387,4786,248,9,362,2,13,30,19,67,8,2834,2727,107,606.40178436,0.94750279,6507.906512504411,2454020.97014317,441410751.0,114136.5,445020421.0,105423.5,482792403.0,109646.0,523214776.0,110482.5,563657398.0,128283.0,567841867.0,131571.0,11,7847.997999034916,HIGH_INCOME,HIGH_INCOME
18,19,10.02,11001001002,3442,3329,2788,185,7,311,0,38,35,24,59,6,271,2564,178,5,311,0,9,32,24,56,5,3226,2637,165,7,297,0,33,24,22,44,6,241,2438,159,5,297,0,8,21,20,43,5,2342,2089,253,219.83405344,0.34349071,3952.2785134226,889636.8562907471,119559942.0,74658.0,134639759.0,76705.0,130340038.0,74072.0,142883669.4,76636.5,124109798.0,78338.0,144272959.0,79814.5,14,10020.649466764327,MID_HIGH_INCOME,MID_HIGH_INCOME
19,20,40.01,11001004001,3745,3623,3237,139,5,162,8,72,33,26,60,5,345,2999,133,5,162,3,3,28,26,50,5,3486,3034,131,5,157,6,57,26,25,42,5,289,2825,130,5,157,3,2,23,19,40,5,2489,2305,184,68.1625484,0.10650398,2361.33536165059,275844.04841566604,203836328.0,72807.0,230295472.0,77629.0,253288626.0,74273.0,262839923.0,78314.5,242543416.0,78459.5,269573000.0,85301.5,1,35163.00517595681,MID_HIGH_INCOME,MID_HIGH_INCOME
20,21,40.02,11001004002,2797,2720,2232,226,4,181,1,76,27,14,44,4,250,2088,209,2,179,1,3,22,12,41,4,2654,2135,209,3,170,1,67,24,15,41,3,227,1998,195,2,168,1,3,19,12,39,3,1916,1762,154,48.45148116,0.07570544,2132.73491150418,196076.1888545,132421749.0,60460.5,170535365.0,65155.0,168856216.0,62671.0,182296727.25,65831.0,157938502.0,66742.0,181993123.0,71996.0,1,36945.82582176393,MID_INCOME,MID_HIGH_INCOME
21,22,41.0,11001004100,2708,2646,2261,115,9,181,3,77,29,13,23,1,259,2090,108,4,180,3,14,27,10,20,1,2482,2099,100,9,166,3,67,18,9,15,1,235,1940,94,4,165,3,10,17,8,13,1,1702,1494,208,201.86855479,0.31541962,3872.4981782440505,816933.062280377,403203164.0,87019.0,217573711.0,81283.5,401781124.0,85405.0,450959064.0,89643.0,447733061.0,100196.0,557382746.0,100885.0,1,8585.388569043358,MID_HIGH_INCOME,HIGH_INCOME
22,23,42.01,11001004201,3342,3250,2721,240,5,215,0,69,33,20,41,2,266,2544,236,3,214,0,6,28,17,38,2,3222,2638,220,5,210,0,66,30,19,36,1,251,2473,216,3,209,0,6,25,16,33,1,2259,2113,146,50.53509473,0.07896109,1842.6457827126399,204508.273887692,144465497.0,59325.0,195239173.0,69112.0,204654008.0,64162.0,221028580.0,67390.0,192640010.0,68708.5,215579124.0,70930.5,6,42324.64369476156,MID_INCOME,MID_HIGH_INCOME
23,24,42.02,11001004202,2771,2688,2281,129,10,216,3,49,19,12,50,7,215,2133,126,6,214,3,7,16,7,47,6,2691,2228,124,9,201,3,46,19,12,48,7,208,2083,121,6,199,3,6,16,7,45,6,1915,1787,128,51.4938138,0.08045908,2102.86114555035,208388.072346607,120039686.0,60675.0,165982765.0,67958.0,163715989.0,65293.0,171191044.0,70077.5,140618969.0,65831.0,168607571.0,69537.0,6,34439.86682422916,MID_INCOME,MID_HIGH_INCOME
24,25,43.0,11001004300,3255,3164,1849,901,18,157,2,237,38,21,35,4,492,1642,889,12,149,2,6,29,17,32,4,2963,1795,767,13,150,2,159,33,21,29,4,387,1606,756,9,144,2,5,25,17,27,4,2084,1943,141,58.47083608,0.09136068,2045.4256078194396,236623.07993593198,107576663.0,47515.5,161937053.0,56174.0,146211088.0,52695.0,158072679.0,55500.0,160486937.03,57442.5,200919104.0,65979.0,3,35628.01853051006,MID_INCOME,MID_HIGH_INCOME
25,26,44.0,11001004400,4572,4447,2989,1016,24,260,0,158,45,23,61,5,417,2778,982,18,259,0,15,42,20,57,5,4263,2876,886,21,248,0,129,37,24,49,5,366,2683,854,17,247,0,11,36,20,47,5,2651,2493,158,128.91278832,0.20142623,2944.7214368382106,521691.54843731795,231491287.0,70297.0,325184107.0,77519.0,289136303.0,73367.0,327105530.0,76068.0,343052931.87,76726.0,402398133.0,82842.5,3,22698.136186136235,MID_HIGH_INCOME,MID_HIGH_INCOME
26,27,11.0,11001001100,4779,4641,4012,290,9,273,6,51,41,18,88,1,306,3773,290,4,268,3,25,32,9,80,0,3980,3355,260,9,243,6,34,20,11,45,1,242,3162,260,4,238,3,13,18,7,38,0,2234,2118,116,414.25397777,0.64727184,5698.76233171609,1676426.38039493,361630195.0,101389.0,326529055.0,88358.0,410155292.0,97280.0,460087019.0,97640.0,449192481.0,113046.0,480166743.0,114189.5,11,7383.296637777413,HIGH_INCOME,HIGH_INCOME
27,28,12.0,11001001200,5008,4850,4073,272,18,388,3,96,57,23,76,5,399,3805,263,9,385,3,14,46,22,73,4,4338,3531,239,15,355,3,79,47,21,51,4,350,3293,230,7,352,3,8,38,21,48,3,2633,2516,117,300.99755072,0.47030868,4907.03319175112,1218093.87851016,284024809.0,79665.0,304763968.0,74166.5,315822137.0,74448.0,334717360.0,75515.0,314255746.0,91068.5,340349324.0,89304.0,12,10648.325691118438,MID_HIGH_INCOME,MID_HIGH_INCOME
28,29,13.01,11001001301,3955,3843,3047,374,7,357,0,58,41,13,67,1,290,2820,367,5,356,0,15,35,12,64,1,3477,2736,317,7,301,0,43,29,15,39,1,252,2534,311,5,301,0,8,25,12,39,1,2156,2030,126,705.11146127,1.10173667,8777.81129340234,2853484.86247428,271817059.0,76361.5,240485097.0,66620.0,333803307.0,67980.0,363121417.0,68904.0,333910086.0,76494.0,403703591.0,76325.0,12,3589.7870223381055,MID_HIGH_INCOME,MID_HIGH_INCOME
29,30,13.02,11001001302,6857,6672,5596,379,13,595,2,87,40,28,122,9,483,5219,371,7,587,2,21,36,25,115,9,6589,5395,359,13,569,2,84,38,28,106,9,459,5038,351,7,561,2,21,34,23,102,9,5375,4795,580,393.41836004,0.61471619,6378.54780991365,1592107.62646792,319818452.0,68999.0,405180643.0,73585.0,417821164.0,69520.0,443957414.0,72262.0,401733884.0,73354.5,488935701.0,75148.0,12,11154.741182268195,MID_HIGH_INCOME,MID_HIGH_INCOME
30,31,14.01,11001001401,3078,2975,2541,178,5,198,0,53,37,15,55,4,210,2394,176,1,198,0,12,36,14,44,4,2419,1992,162,4,173,0,40,17,14,22,4,160,1873,160,1,173,0,9,16,13,19,4,1478,1415,63,194.78101375,0.30434534,4033.3702948411296,788250.8011509959,230011349.0,91172.5,207763895.0,79863.5,255563544.0,81219.0,291619848.0,85111.0,294699961.0,102872.0,298582687.0,96830.5,10,10113.511184367075,MID_HIGH_INCOME,MID_HIGH_INCOME
31,32,14.02,11001001402,2998,2921,2334,356,5,160,0,66,40,13,34,1,232,2182,350,4,159,0,7,36,8,31,1,2446,1881,316,5,141,0,54,25,11,20,1,189,1754,314,4,140,0,5,23,8,18,1,1612,1472,140,221.18928156,0.34560825,4867.51420398157,895121.2699631009,176059601.0,98926.0,181523449.0,102986.0,186054316.0,101142.5,208055809.92,109684.5,216714384.0,120265.0,226932846.97,122810.0,10,8674.56144348406,MID_HIGH_INCOME,HIGH_INCOME
32,33,5.02,11001000502,3189,3095,2720,95,15,192,0,73,26,17,56,1,271,2550,89,5,191,0,9,21,13,52,1,2786,2400,85,9,166,0,60,17,13,37,1,223,2258,80,4,165,0,4,15,10,36,1,1774,1643,131,143.67820561,0.2244972,4037.96101367443,581445.072597169,248468359.0,76777.0,252908312.0,75829.0,280426020.0,76905.0,324046430.59,76609.0,290539572.3,90718.5,316766139.16,89334.0,15,14205.076945280385,MID_HIGH_INCOME,MID_HIGH_INCOME
33,34,18.03,11001001803,3514,3401,354,2372,7,73,8,587,62,28,14,5,838,190,2340,4,72,8,14,44,27,7,5,2826,277,1988,5,60,5,407,50,25,11,3,581,162,1966,4,59,5,10,36,24,6,3,1612,1543,69,289.17449346,0.45183515,4709.910531165129,1170247.66299615,69030385.0,25312.0,76833849.0,26235.0,73783877.0,25460.0,85008159.3,26127.0,80454542.0,27382.0,86187145.0,27886.5,17,7777.172714429145,LOW_INCOME,LOW_INCOME
34,35,18.04,11001001804,4480,4310,549,2983,20,51,0,707,74,45,18,11,1211,185,2933,8,51,0,22,56,22,17,8,3461,401,2408,15,42,0,471,61,36,10,10,835,153,2368,7,42,0,6,44,21,9,7,1924,1812,112,148.68792038,0.23232488,3404.95340273657,601718.669088252,90687018.37,26365.0,101095037.0,26535.5,94000568.0,27016.0,101142730.0,27327.0,100111583.0,27144.0,109529081.0,28093.5,17,19283.34150005802,LOW_INCOME,LOW_INCOME
35,36,19.01,11001001901,4016,3887,424,3023,31,36,3,370,99,56,19,3,625,285,2965,12,29,3,3,87,46,16,3,3190,342,2460,27,30,3,241,64,43,17,3,421,242,2418,11,27,3,2,59,34,14,3,1603,1503,100,190.04120651,0.29693939,3629.6554427724896,769069.481664375,89722055.5,36750.0,96561062.0,37420.0,93389146.0,35486.0,98715158.0,38108.0,110110056.0,41377.0,119188692.0,42401.0,17,13524.645551403604,MID_INCOME,MID_INCOME
36,37,33.01,11001003301,3198,3072,959,1998,7,62,4,42,86,38,42,7,125,898,1972,6,62,3,17,80,36,41,7,2828,898,1724,6,61,4,38,64,26,35,7,111,846,1699,6,61,3,15,59,24,35,7,1578,1405,173,108.63021894,0.16973472,3304.15490719572,439610.90178309,94626938.0,50955.5,118997087.0,52263.0,109592464.0,49060.5,119413477.0,51581.0,133621396.0,60466.0,152461285.0,64468.0,21,18841.16579094719,MID_INCOME,MID_INCOME
37,38,33.02,11001003302,2134,2054,735,1216,7,41,0,55,57,21,20,0,128,687,1197,7,41,0,2,52,20,19,0,1856,695,1002,7,41,0,51,37,18,17,0,113,654,985,7,41,0,2,34,17,16,0,982,887,95,49.07735171,0.07668336,1890.7856223921601,198608.997138154,59721428.37,46371.0,82445643.83,51120.0,67070893.0,46580.5,76544783.24,49236.0,84411059.95,55925.0,98091822.0,61645.0,21,27828.72320670351,MID_INCOME,MID_INCOME
38,39,88.04,11001008804,2412,2375,106,2183,7,3,0,76,31,12,12,0,130,68,2167,7,3,0,2,30,12,12,0,1883,87,1706,6,3,0,53,22,11,8,0,87,65,1694,6,3,0,2,21,11,8,0,1396,1096,300,194.50540494,0.3039147,3936.3330640895397,787135.4518641491,27927495.0,24539.0,32464257.52,25106.5,27994707.0,23754.0,33989464.0,23998.5,36934360.0,26995.0,42225948.0,29627.0,23,7936.437428002002,LOW_INCOME,LOW_INCOME
39,40,89.03,11001008903,2633,2591,48,2493,4,7,0,39,38,20,5,1,67,37,2481,3,7,0,5,31,18,5,1,1992,39,1884,4,7,0,29,25,11,2,1,49,31,1877,3,7,0,3,20,10,2,1,1399,1150,249,74.00384840000001,0.11563101,2991.03481033329,299482.950950931,33732629.0,25168.0,50045860.0,29334.0,34354171.0,24295.0,42943277.0,25774.0,54736070.0,30255.0,61273301.0,33866.0,23,22770.708307399545,LOW_INCOME,MID_INCOME
40,41,89.04,11001008904,3309,3249,33,3170,8,10,1,27,59,30,11,2,61,27,3154,8,10,0,0,48,27,8,1,2569,32,2461,8,8,1,20,38,19,6,1,46,26,2448,8,8,0,0,32,17,5,1,1788,1539,249,112.80696029999999,0.17626088,3121.43912989049,456513.57447954797,31336668.91,23070.5,38466036.9,23445.0,33444738.0,23349.5,35689645.63,23597.0,43140351.51,24356.5,47867201.0,26051.0,23,18773.30919940942,LOW_INCOME,LOW_INCOME
41,42,90.0,11001009000,2732,2648,113,2431,6,68,0,30,74,31,19,1,76,100,2412,5,68,0,3,64,31,16,1,2430,104,2170,6,58,0,22,62,30,13,1,57,95,2156,5,58,0,2,54,30,11,1,1646,1553,93,359.71954724,0.5620618000000001,5394.27784213405,1455733.36865934,56150253.0,43111.0,65837807.73,47746.0,53740241.0,41497.0,61387829.0,44821.0,83619685.28,52520.0,94751459.0,57961.0,24,4860.675463089646,MID_INCOME,MID_INCOME
42,43,91.02,11001009102,4127,4056,117,3820,11,13,0,95,51,20,9,3,173,95,3784,8,13,0,11,40,19,9,3,3039,107,2795,9,12,0,72,30,15,4,3,113,92,2778,7,12,0,7,27,15,4,3,1854,1662,192,453.50399118,0.70859999,6339.304691090171,1835265.55017918,60148337.0,28156.0,77312944.0,28794.0,64202101.0,27377.0,74568845.91,28926.0,79762070.62,30721.5,89120109.76,31903.0,22,5824.160398308783,LOW_INCOME,MID_INCOME
43,44,92.01,11001009201,1976,1905,737,1019,4,51,1,93,41,18,21,5,185,666,1006,3,50,1,13,37,14,18,5,1758,718,862,3,48,1,66,33,14,19,4,151,658,849,2,47,1,7,29,10,16,4,619,570,49,158.33793059,0.24740302,3334.44680362479,640770.875124095,28052728.79,37114.0,45375827.82,38115.0,31932270.0,36529.5,41782385.02,37939.0,56482503.0,45173.0,66594041.0,48118.0,21,7986.9679844651855,MID_INCOME,MID_INCOME
44,45,92.03,11001009203,2582,2519,280,2117,7,40,2,73,57,22,5,4,167,247,2079,5,34,2,8,36,20,5,4,2109,260,1709,7,33,2,48,44,18,4,4,117,234,1683,5,30,2,4,30,16,4,4,1259,1065,194,145.12115696,0.22675181,3471.34405208145,587284.489541665,48343832.0,32780.0,62405590.0,35161.0,53291874.0,32934.0,57854799.0,33801.0,70251210.0,38854.0,78432565.0,41301.0,21,11386.899182855475,MID_INCOME,MID_INCOME
45,46,92.04,11001009204,2557,2503,170,2062,25,14,0,232,36,30,5,1,318,130,2044,8,14,0,4,32,26,5,1,2028,159,1638,24,14,0,152,30,23,5,1,216,126,1628,8,14,0,3,26,22,5,1,1369,1292,77,74.8843334,0.11700677,2526.49618621581,303046.147344249,28552707.0,26231.0,34706643.0,26124.0,29833027.0,25945.0,33222221.0,25277.0,34168438.0,26411.0,37791141.0,28475.0,21,21853.436343897025,LOW_INCOME,LOW_INCOME
46,47,72.0,11001007200,2794,2709,1670,862,4,144,0,29,38,20,30,6,155,1569,851,3,143,0,3,34,18,30,6,2658,1617,793,4,138,0,29,34,18,27,6,151,1518,782,3,137,0,3,31,17,27,6,2370,1830,540,405.66750252,0.63385548,5365.257136959871,1641678.14768953,107909588.0,64030.0,186295174.0,70045.0,147535588.0,70485.5,183471831.0,74226.0,197488193.0,64040.0,247923152.0,69664.0,27,4407.944852034725,MID_INCOME,MID_HIGH_INCOME
47,48,73.01,11001007301,3012,2818,1791,767,21,110,13,116,106,26,72,31,391,1605,717,18,102,13,10,87,21,67,29,2064,1293,511,18,81,11,76,38,17,25,12,236,1167,487,15,78,11,5,33,15,23,12,991,812,179,2439.89202307,3.81233131,17862.9884721654,9873892.76213028,1673140.0,34010.0,3361568.0,40680.0,3109017.0,38200.0,3139475.0,40044.5,2419064.0,33378.5,4259994.0,47582.0,39,790.0677446630419,MID_INCOME,MID_INCOME
48,49,73.04,11001007304,3546,3513,41,3443,10,7,1,11,32,13,8,2,38,40,3420,9,7,1,3,27,13,8,2,2429,39,2347,6,7,1,10,18,9,4,2,24,38,2333,5,7,1,3,17,9,4,2,1376,1198,178,308.98569001,0.48279014,5527.038452858521,1250420.73146695,36698222.0,22766.0,39995849.95,20922.0,37593142.0,22045.0,38956385.0,21596.0,42476757.47,22262.0,46570052.0,23679.0,38,7344.806171890752,LOW_INCOME,LOW_INCOME
49,50,74.01,11001007401,2414,2393,17,2349,10,5,0,12,21,10,4,1,31,15,2342,8,5,0,0,13,6,4,1,1468,14,1425,7,4,0,8,10,4,1,1,20,12,1422,5,4,0,0,5,3,1,1,935,771,164,357.73777542,0.55896528,6378.842229191229,1447713.42257725,16271306.0,18377.5,17706306.0,16504.5,16387522.0,17011.5,17334402.0,16731.0,14011455.0,17975.0,15637219.0,17739.0,37,4318.693998310593,LOW_INCOME,LOW_INCOME
50,51,74.03,11001007403,2859,2835,12,2811,4,7,0,1,24,7,8,0,24,12,2792,2,6,0,0,23,7,8,0,1956,11,1918,3,7,0,1,16,4,6,0,12,11,1910,2,6,0,0,15,4,6,0,1180,1092,88,80.58207072,0.12590949,3174.08157678529,326104.07236817,26534651.0,24468.0,27739508.0,22754.0,26480238.0,23187.0,26796677.0,22942.0,27476513.0,23605.0,29354682.0,23579.0,38,22706.7872326383,LOW_INCOME,LOW_INCOME
51,52,74.04,11001007404,3310,3246,41,3165,4,8,0,28,58,34,9,2,64,31,3147,2,8,0,4,52,31,9,2,2100,29,2003,4,7,0,17,37,16,8,2,36,24,1993,2,7,0,2,35,15,8,2,1308,1106,202,199.12405466,0.31113134,4988.2036727504,805826.46422243,35852862.0,26372.0,41892503.0,24785.5,39142259.0,26176.0,39740883.0,25212.0,42407920.0,25068.0,45389701.0,25906.5,38,10638.593977707293,LOW_INCOME,LOW_INCOME
52,53,74.06,11001007406,3063,3028,20,2984,5,2,0,17,35,13,4,3,71,11,2950,5,2,0,4,20,11,2,1,1830,14,1779,3,2,0,11,21,10,3,2,35,10,1764,3,2,0,3,13,9,2,1,1066,985,81,91.35431258,0.14274111,2600.35754692804,369697.78876543604,18379045.0,19594.5,22222673.0,18214.5,20073849.0,18103.0,21564321.0,18133.0,23059323.0,21164.0,25139415.0,20219.0,37,21458.429179932817,LOW_INCOME,LOW_INCOME
53,54,74.07,11001007407,2587,2551,32,2499,3,11,0,6,35,14,1,1,36,32,2469,3,11,0,3,33,14,1,1,1850,30,1778,3,7,0,5,26,11,1,1,22,30,1762,3,7,0,2,24,11,1,1,1203,1090,113,150.88896192,0.23576399999999997,4692.19311064361,610625.9682535661,39030200.0,30728.0,43791436.0,29333.5,39577235.0,30210.0,44108527.0,29089.0,50949995.0,30110.0,56092745.0,32550.0,37,10972.837244023685,MID_INCOME,MID_INCOME
54,55,74.08,11001007408,3038,3010,32,2964,7,4,0,3,28,15,0,1,32,26,2939,7,4,0,2,28,15,0,1,2027,27,1970,6,3,0,3,18,12,0,1,20,24,1954,6,3,0,2,18,12,0,1,1239,1053,186,94.49100834,0.1476422,3911.2118683708204,382391.546224026,21984988.0,20813.0,22774343.0,18636.0,22572738.0,19635.0,22553935.0,19045.0,23518853.0,20030.0,24612841.0,19793.5,36,20576.772765510133,LOW_INCOME,LOW_INCOME
55,56,74.09,11001007409,3499,3455,20,3417,3,6,0,9,44,26,6,0,34,12,3399,3,6,0,4,41,25,6,0,2291,16,2229,2,4,0,9,31,21,5,0,23,10,2219,2,4,0,4,29,20,5,0,1507,1417,90,98.28496087,0.15357025,3046.2108085046602,397745.127479349,39191696.0,24851.0,40482342.0,21349.5,41624746.0,23520.0,41342314.0,21925.5,41640347.0,21652.0,44912587.0,23194.0,38,22784.36090323484,LOW_INCOME,LOW_INCOME
56,57,75.02,11001007502,4541,4454,43,4380,4,8,0,19,86,35,22,3,57,34,4357,4,8,0,10,70,30,19,1,3251,41,3121,4,8,0,16,60,24,15,1,41,32,3107,4,8,0,8,50,20,12,1,1898,1677,221,152.14981182,0.23773408,4792.90747871897,615728.446798271,45577412.0,25027.0,50022193.2,24720.0,47562189.0,24670.5,46735112.0,24116.5,46799965.0,23785.0,49214213.0,23715.0,36,19101.173883020896,LOW_INCOME,LOW_INCOME
57,58,46.0,11001004600,3028,2929,816,1964,3,97,0,49,60,20,42,7,221,697,1929,3,96,0,7,45,14,36,5,2537,757,1560,3,94,0,39,53,16,35,6,167,668,1533,3,93,0,6,42,11,33,5,1465,1268,197,107.9646249,0.16869473,2900.63183184371,436917.33824807295,60318054.0,36871.0,93634428.0,41045.0,76955521.0,38515.0,84837124.0,39885.0,95317975.0,42801.0,109132266.0,46092.5,21,17949.582657383547,MID_INCOME,MID_INCOME
58,59,47.01,11001004701,3986,3919,595,2754,19,530,1,20,45,27,23,4,108,549,2725,13,527,1,3,39,24,23,4,3066,580,1923,17,469,1,20,36,20,21,4,98,536,1900,12,466,1,3,31,18,21,4,2138,2002,136,79.37474624,0.12402304,2917.41257232392,321218.203506362,62945849.0,27406.0,104928195.0,36630.0,78637972.0,29027.0,96427153.0,32836.0,106712117.0,36532.5,145902602.0,45305.0,8,32139.18962154129,LOW_INCOME,MID_INCOME
59,60,47.02,11001004702,1802,1742,703,853,0,158,1,27,35,14,21,1,95,659,844,0,158,1,5,24,8,16,1,1647,693,724,0,157,1,21,31,11,17,1,84,649,716,0,157,1,4,22,8,14,1,988,922,66,80.18629840000001,0.12529109,2950.75809494102,324502.438578914,68048639.0,59074.0,106167879.0,69010.0,92778875.0,68605.0,108357349.0,67405.5,104919301.0,61331.0,138666390.0,69195.0,8,14382.50716790795,MID_INCOME,MID_HIGH_INCOME
60,61,48.01,11001004801,2143,2045,847,961,9,123,5,100,50,24,50,2,191,776,952,6,123,0,10,48,19,48,2,1934,816,829,9,113,3,80,43,22,41,2,166,752,820,6,113,0,5,41,17,39,2,1208,1078,130,78.44606933,0.12257198,2458.9727014110604,317459.981364852,63801222.0,47244.0,99227482.0,52484.0,76691024.0,48478.0,90035901.0,53570.0,109555605.0,60609.0,122287899.0,63711.0,7,17483.60432784067,MID_INCOME,MID_INCOME
61,62,48.02,11001004802,2922,2845,866,1464,16,369,1,129,48,31,20,1,223,793,1457,9,368,0,6,45,30,18,1,2492,830,1176,13,303,1,106,36,26,19,0,186,767,1171,9,302,0,4,33,24,17,0,1561,1382,179,71.19059179999999,0.11123530000000001,2192.31760125676,288098.105370579,73241336.7,33975.5,115913258.0,41981.0,87920491.0,37146.5,108590991.38,40512.0,102577469.0,40676.0,119531192.0,45675.0,7,26268.63954158437,MID_INCOME,MID_INCOME
62,63,49.01,11001004901,2087,2036,793,1075,14,94,1,59,30,13,21,0,178,686,1060,12,94,1,16,24,11,21,0,1696,730,794,14,80,1,38,23,12,16,0,128,652,786,12,80,1,5,19,11,16,0,1094,971,123,67.17793143,0.10496552,2112.98851021367,271859.444849674,52574029.0,35398.0,77147230.0,44409.0,57630673.0,39410.0,66056089.0,43123.0,107168062.0,52044.0,136442151.0,59090.0,7,19882.719582582926,MID_INCOME,MID_INCOME
63,64,49.02,11001004902,2690,2615,1330,812,11,166,6,290,21,9,26,6,468,1193,805,4,166,1,11,16,8,22,6,2354,1281,615,8,162,4,220,18,9,23,5,375,1162,610,3,162,1,5,14,8,20,5,1530,1417,113,65.20095982,0.1018765,2052.2824359682,263858.924567305,98407326.0,44608.5,123680131.0,52213.5,116868349.0,50705.0,126553450.0,51963.0,123848559.0,53770.0,141451695.0,59191.5,7,26404.519197263355,MID_INCOME,MID_INCOME
64,65,50.01,11001005001,1955,1893,1259,484,3,92,0,55,25,8,30,2,169,1161,474,1,92,0,9,23,8,25,0,1802,1195,429,3,87,0,42,22,8,21,0,140,1108,419,1,87,0,8,20,8,18,0,1003,952,51,50.59006122,0.07904697,2114.9270431772,204730.715388826,94309397.0,67622.0,124100006.0,74090.0,114164264.0,69871.0,126820603.0,72566.5,122794751.0,70213.0,147289866.0,78133.0,7,24732.130782495522,MID_HIGH_INCOME,MID_HIGH_INCOME
65,66,50.02,11001005002,6021,5799,3225,1152,33,328,5,1056,75,39,79,4,1676,2737,1120,15,326,4,15,50,27,73,4,5480,3128,1037,27,305,5,790,61,37,63,3,1340,2693,1008,15,303,4,8,42,27,58,3,3853,3475,378,57.69594676,0.09014992,2245.1408510690303,233487.214065982,192352559.0,39733.0,266261760.0,53208.0,250076730.0,48270.5,278673551.0,51141.0,219968978.0,53829.0,259592000.0,59810.5,7,66788.74479311796,MID_INCOME,MID_INCOME
66,67,52.01,11001005201,6077,5878,4398,775,20,442,19,224,65,47,99,8,612,4079,757,9,438,3,18,58,32,91,8,5811,4305,672,20,429,15,197,56,45,82,7,562,3999,656,9,425,3,16,49,32,78,7,4548,4200,348,83.93588152,0.13114982,2661.8420574021898,339676.463215864,268298733.0,66130.0,401961716.0,75149.0,360312493.0,70538.0,397149782.0,73528.0,376053670.0,76106.5,442277202.0,81647.5,7,46336.319790602836,MID_HIGH_INCOME,MID_HIGH_INCOME
67,68,53.01,11001005301,5051,4902,4121,179,17,455,4,126,37,24,96,4,432,3847,171,7,451,2,16,29,19,92,4,4920,4039,169,16,442,4,116,34,22,84,4,413,3770,163,7,438,2,16,27,17,80,4,3890,3608,282,70.76334226,0.11056772,2322.239748471,286369.087779839,226732166.0,64826.0,288225330.0,72068.0,295640286.0,68569.0,343695487.0,71067.0,263936773.0,70086.5,326386690.0,76569.5,6,45682.41074338876,MID_INCOME,MID_HIGH_INCOME
68,69,55.0,11001005500,6671,6454,5135,628,18,590,1,82,63,37,121,10,493,4752,613,13,586,1,24,58,30,117,10,6476,5000,611,17,574,1,76,57,36,108,10,474,4628,597,13,570,1,18,53,30,106,10,4983,4185,798,157.5255182,0.24613362,3987.96639750257,637483.158809735,333923999.0,73032.0,409244354.0,78901.5,425105796.0,75480.0,505477215.0,77201.5,444403949.0,80908.0,536412412.0,81726.0,5,27103.164533150735,MID_HIGH_INCOME,MID_HIGH_INCOME
69,70,56.0,11001005600,6756,6523,5107,517,13,797,0,89,105,47,130,7,428,4810,495,11,794,0,17,96,42,119,7,6629,5031,506,13,785,0,85,98,47,110,7,414,4742,484,11,782,0,17,89,42,100,7,4059,3347,712,117.38224028,0.18340975,4364.53969862304,475029.075783795,167255800.0,63663.0,192250360.0,61943.5,208921431.0,59263.0,248986836.82,64756.0,203331811.0,67936.0,233194623.0,67328.0,5,36835.55536169696,MID_INCOME,MID_HIGH_INCOME
70,71,58.0,11001005800,2830,2737,1806,265,7,602,4,53,29,17,46,6,180,1698,262,7,600,4,1,21,16,46,6,2710,1759,254,7,563,4,42,24,17,39,6,161,1656,251,7,561,4,1,19,16,39,6,2306,1810,496,225.04199863,0.35162813,4111.14401578688,910712.662854341,119511652.0,83192.0,175823623.0,89328.0,167620188.0,88884.5,151839744.0,87076.0,159463208.0,88725.0,171281204.0,100633.5,8,8048.275318587282,MID_HIGH_INCOME,HIGH_INCOME
71,72,59.0,11001005900,2998,2922,1712,826,9,280,1,94,37,15,29,2,223,1617,806,9,278,1,7,25,13,25,1,2885,1695,752,7,278,1,83,31,14,27,2,207,1603,732,7,276,1,7,21,12,23,1,1868,1523,345,159.09289484,0.24858265,3377.3719827582695,643826.10708364,55624517.13,46136.0,89285287.0,47249.0,91864708.0,49222.0,90357257.0,49116.0,56008018.0,51855.0,73843853.0,52042.0,8,12060.375090538299,MID_INCOME,MID_INCOME
73,74,64.0,11001006400,2139,2095,142,1860,24,38,0,31,37,22,7,3,65,133,1839,24,38,0,3,32,17,7,3,1565,136,1330,13,26,0,22,31,18,7,3,49,127,1318,13,26,0,1,26,13,7,3,1055,977,78,226.47514923,0.35386742,4676.88679669614,916512.4176091709,22543116.0,21222.0,36959590.0,25016.0,25389209.0,21449.0,28899876.26,20823.0,39572111.0,26737.0,50187446.0,28943.5,9,6044.636717333288,LOW_INCOME,LOW_INCOME
74,75,66.0,11001006600,1909,1876,1718,58,11,70,1,18,15,8,14,1,78,1659,56,10,70,1,4,14,8,13,1,1680,1525,50,10,58,1,15,10,7,9,0,60,1482,48,10,58,1,2,9,7,8,0,1143,1016,127,73.19528589,0.11436764,2663.2382441005702,296210.81455095,106170076.0,88338.0,117490965.0,80400.0,123630521.0,81172.0,136743813.0,87030.0,133316015.0,92949.0,138452048.0,90957.0,26,16691.78449428527,MID_HIGH_INCOME,MID_HIGH_INCOME
75,76,67.0,11001006700,3775,3679,3077,452,11,114,2,23,33,23,48,4,147,2965,447,10,113,2,10,28,17,45,4,3283,2703,389,9,98,2,20,23,22,25,3,121,2609,386,9,97,2,8,18,17,24,3,2008,1866,142,105.82744028,0.16535538,3020.4440366033195,428268.458887597,217100355.0,85648.0,233122093.0,83000.0,249708355.0,86231.0,255796748.0,88571.0,284608649.0,99852.5,302416019.0,101467.5,26,22829.617034534953,MID_HIGH_INCOME,HIGH_INCOME
76,77,68.01,11001006801,1949,1893,647,1192,3,31,0,20,30,12,25,1,74,607,1183,2,31,0,3,24,11,25,1,1687,574,1016,3,30,0,18,25,11,19,1,61,539,1011,2,30,0,3,21,10,18,1,977,880,97,60.43495636,0.09442962,2060.75624696115,244571.592741545,52747534.0,48014.0,76178458.0,51207.5,59126678.0,48635.5,64998901.0,48317.0,79312724.0,58579.0,90648226.0,61861.0,26,20639.710294291133,MID_INCOME,MID_INCOME
77,78,68.02,11001006802,2084,2029,937,1022,6,38,0,26,37,14,24,0,94,894,1009,5,36,0,8,22,8,21,0,1754,804,856,6,31,0,18,26,11,16,0,71,766,850,5,31,0,3,17,8,14,0,1004,921,83,69.83554626,0.10911804,2545.70931049687,282614.430575733,73798559.0,58385.0,96128685.0,63716.0,84563148.0,61279.5,90361240.0,60771.5,106607317.0,69016.5,117623354.0,70190.0,26,19098.583515613,MID_INCOME,MID_HIGH_INCOME
78,79,68.04,11001006804,3670,3567,187,3225,29,21,1,104,75,41,25,11,315,91,3138,24,21,0,8,64,33,19,5,3396,186,2965,25,20,1,101,70,36,21,11,296,91,2894,20,20,0,7,59,28,15,5,13,12,1,499.91708383,0.78112045,6734.28725493454,2023092.67337275,1427126.0,31692.0,1403283.0,15698.0,1213118.0,15245.0,1517968.0,16825.5,1893345.0,26956.0,1977861.0,21076.0,26,4698.379104016544,MID_INCOME,LOW_INCOME
79,80,69.0,11001006900,2179,2121,1404,636,7,61,2,11,11,13,35,2,87,1340,630,6,61,2,6,9,6,32,2,1888,1234,548,6,52,2,7,9,10,23,1,68,1180,545,5,52,2,2,7,6,22,1,1190,1114,76,101.3774853,0.15840232,2860.13228007083,410260.129910805,96831762.0,74417.0,117789037.0,79464.5,111579539.0,75970.0,124386107.0,78466.0,124366685.0,83717.0,136440279.0,86964.5,26,13756.111652910133,MID_HIGH_INCOME,MID_HIGH_INCOME
80,81,70.0,11001007000,2812,2748,2209,433,8,65,4,29,23,11,31,3,162,2093,423,7,64,4,9,20,9,27,2,2596,2074,378,8,61,4,24,18,11,19,3,144,1968,371,7,60,4,5,16,9,18,2,1268,1195,73,103.8770495,0.16230789,2909.00806375089,420375.507392908,105497762.0,75046.5,113568529.0,74503.0,116461048.0,73158.5,119493354.0,77934.0,126183172.0,81669.0,147508156.0,83749.0,26,17325.09738127949,MID_HIGH_INCOME,MID_HIGH_INCOME
81,82,71.0,11001007100,2911,2807,977,1703,15,72,0,40,44,31,39,2,158,898,1691,15,71,0,7,36,21,32,2,2289,895,1209,12,70,0,31,32,26,24,2,119,830,1201,12,69,0,6,29,17,20,2,1461,1342,119,180.70823247,0.28235662,3852.7780521237,731300.275476049,73551776.0,42529.0,90074658.0,44333.0,88319005.0,43479.0,89640055.0,41845.0,90963474.0,44853.0,100613150.0,49413.5,27,10309.657340422902,MID_INCOME,MID_INCOME
82,83,6.0,11001000600,4539,4395,3878,225,10,207,2,73,51,23,65,9,332,3647,217,6,204,2,13,41,24,61,4,3812,3273,207,9,177,2,59,23,19,37,8,272,3087,199,6,176,2,4,18,18,36,3,2234,2108,126,356.51306782,0.55705167,5202.37043243072,1442757.20675772,882856096.0,87171.0,413850238.0,81528.5,838428665.0,84947.0,887637225.0,91538.0,883701442.0,98902.5,1101811669.0,103485.0,15,8148.256695828593,MID_HIGH_INCOME,HIGH_INCOME
83,84,7.01,11001000701,4620,4502,3848,235,18,288,4,109,37,13,60,13,407,3583,215,8,285,4,27,30,10,55,9,4255,3586,212,15,266,3,84,27,12,46,7,354,3342,198,7,263,3,17,20,9,42,7,3275,2974,301,135.86157427,0.21228371,3198.4653896026803,549812.287648554,268583555.0,68493.0,265927884.0,68775.0,291704733.0,68526.5,312019324.0,70192.5,302248205.0,72115.0,322343565.0,73385.0,14,21763.32795389717,MID_HIGH_INCOME,MID_HIGH_INCOME
84,85,7.02,11001000702,3364,3259,2751,192,7,224,1,84,31,18,54,3,357,2511,180,3,217,1,16,25,9,49,2,3205,2642,183,7,211,1,69,26,15,48,2,318,2426,172,3,204,1,11,22,8,44,1,2471,2293,178,72.37383693,0.11308412,2738.79661844594,292886.528546715,86235734.0,50407.0,121237434.0,56357.5,113045300.0,52965.0,116865629.0,55189.0,98468564.0,56642.5,117499800.0,58111.0,14,29747.76652990712,MID_INCOME,MID_INCOME
85,86,8.01,11001000801,6709,6526,5719,316,5,374,1,111,58,13,118,5,572,5284,299,3,372,1,27,48,15,97,5,5691,4880,278,5,325,0,86,36,19,73,5,476,4506,266,3,323,0,18,30,15,69,5,3528,3207,321,760.09512032,1.18764863,8440.16793496633,3075995.83756508,556165589.0,97849.5,429046240.0,94346.0,582273934.0,94581.0,932925890.0,99819.5,682255278.0,114495.0,762051697.0,122703.0,13,5648.977172650803,MID_HIGH_INCOME,HIGH_INCOME
86,87,8.02,11001000802,2869,2775,2390,107,4,232,2,40,23,8,62,3,231,2211,98,3,232,2,10,19,6,61,3,2438,2043,89,4,207,2,34,17,8,32,3,187,1898,86,3,207,2,6,14,6,31,3,1423,1336,87,563.0443164,0.87975675,6636.141911837391,2278559.52143544,211883023.0,89712.5,240968712.0,78663.0,288028817.0,83610.0,342246891.0,84441.0,354030099.0,94580.0,379610865.0,94907.0,13,3261.1287154091174,MID_HIGH_INCOME,MID_HIGH_INCOME
87,88,9.01,11001000901,7175,6946,6135,260,16,451,3,81,55,23,152,13,436,5807,249,12,447,3,22,52,22,138,10,6130,5204,233,16,432,3,64,40,22,117,13,382,4919,224,12,428,3,12,38,19,106,10,1661,1558,103,748.36412428,1.16931895,7095.70294690533,3028522.18062107,610398683.0,166298.0,443181730.0,138978.5,674640174.0,153391.0,754404800.1,168203.0,760449847.0,189371.0,946256227.0,197155.0,13,6136.0503906996455,HIGH_INCOME,HIGH_INCOME
88,89,28.02,11001002802,4277,4043,1753,1069,51,181,2,987,65,37,40,9,1843,1125,1034,9,180,1,4,43,18,28,2,3568,1564,854,38,166,2,750,55,32,34,7,1412,1073,834,7,165,1,3,37,17,28,2,2142,1935,207,56.34356824,0.08803683,2102.60697174066,228014.332339413,76017142.0,25506.0,113498858.0,31154.5,98267866.0,28033.5,104928617.0,28800.0,90869593.0,29954.0,111655848.0,34182.0,2,48581.94008121374,LOW_INCOME,MID_INCOME
89,90,29.0,11001002900,3962,3719,1606,1246,29,125,5,708,52,28,48,11,1370,1159,1213,4,125,5,17,31,11,40,3,3364,1460,1038,20,112,5,542,36,25,34,11,1058,1099,1016,3,112,5,16,23,11,30,3,1643,1448,195,74.70801484,0.11673127,2357.39891722113,302332.611458249,95743613.0,29736.0,137466819.0,37310.0,117975868.0,32774.0,132985526.0,35366.0,134545107.59,33953.5,158259296.0,36677.0,2,33941.20530000231,LOW_INCOME,MID_INCOME
90,91,30.0,11001003000,3398,3247,1376,1455,5,125,5,281,74,41,46,9,532,1223,1409,2,124,2,7,61,30,43,3,2854,1328,1058,5,121,4,219,57,36,39,8,420,1195,1034,2,120,2,4,46,25,36,3,1599,1489,110,52.36530139,0.08182078,1881.2235183922896,211914.85747916801,80525394.0,36678.5,108032013.0,42954.0,99841782.0,39491.0,114641347.26,40710.5,96242269.0,40821.0,113004657.0,45303.0,2,41529.79230948422,MID_INCOME,MID_INCOME
91,92,31.0,11001003100,2885,2757,949,1086,18,101,0,603,38,24,20,11,1037,652,1056,1,97,0,6,22,9,16,4,2439,856,919,15,92,0,460,31,18,17,10,789,628,894,1,90,0,5,19,8,15,4,1131,1009,122,72.84079601,0.11381374,2574.2554446549398,294776.24488345,60468985.0,28420.0,96124283.0,35170.0,75002721.0,31472.5,86351514.2,34062.0,92848628.0,36878.0,109392822.0,39963.0,2,25348.433326239872,LOW_INCOME,MID_INCOME
92,93,32.0,11001003200,4913,4803,1114,2917,22,92,1,657,56,32,16,1,1188,723,2836,14,92,1,9,37,19,13,0,3957,973,2313,18,83,1,485,40,24,14,1,876,689,2248,11,83,1,8,30,16,11,0,1840,1669,171,109.92596682,0.17175932,3050.48104975274,444854.607448458,91044809.0,27905.5,119332154.0,31551.0,103489228.0,29164.0,117284066.0,29825.0,120006056.0,32218.0,139048784.0,35833.5,2,28603.979102851597,LOW_INCOME,MID_INCOME
93,94,98.11,11001009811,4365,4293,13,4246,12,4,0,18,65,29,29,2,37,11,4228,10,4,0,12,58,24,26,1,2945,11,2864,9,4,0,14,37,22,15,2,25,9,2853,8,4,0,9,33,18,13,1,1979,1819,160,115.38399582,0.18028749,3543.4043195226295,466942.46731644,36490017.0,20544.0,41515657.0,18977.0,39029707.0,20337.0,39500324.0,18576.0,41258037.0,20195.5,44315187.0,20516.0,39,24211.330470017638,LOW_INCOME,LOW_INCOME
94,95,99.01,11001009901,2249,2212,94,2094,15,3,0,6,30,11,6,4,39,74,2081,15,3,0,1,29,10,6,4,1876,84,1745,10,3,0,6,23,11,6,4,30,68,1737,10,3,0,1,22,10,6,4,1070,1007,63,519.40448163,0.81156951,5944.800739533471,2101955.37479996,70749621.0,53475.0,68391309.0,49969.0,72050910.0,48382.0,71597532.0,51018.5,75281959.0,52425.0,78879964.0,51745.0,34,2771.173599165893,MID_INCOME,MID_INCOME
95,96,99.02,11001009902,2905,2872,27,2813,12,3,0,17,30,12,8,0,44,24,2789,11,3,0,4,27,12,8,0,2273,25,2199,10,3,0,13,20,11,4,0,30,22,2182,10,3,0,3,20,11,4,0,1292,1175,117,319.8713549,0.499799,5340.36144416612,1294473.45459597,54350597.0,38024.0,57137569.0,37244.0,54368604.0,36560.0,59607982.49,40299.5,58509163.0,38499.5,62164914.0,38607.0,34,5812.336559296838,MID_INCOME,MID_INCOME
96,97,99.03,11001009903,1851,1809,17,1774,3,2,0,13,40,23,5,0,30,16,1760,2,2,0,3,37,22,5,0,1358,15,1306,3,0,0,6,26,15,4,0,19,14,1297,2,0,0,2,23,14,4,0,722,644,78,92.86866799,0.14510729,3223.43219916391,375826.167714381,32456553.32,33233.5,35118730.0,33430.0,32138301.0,32154.0,33996201.0,33445.5,36133543.0,33897.0,40012643.0,36360.5,33,12756.078622927904,MID_INCOME,MID_INCOME
97,98,99.04,11001009904,2243,2215,63,2055,8,7,0,82,26,14,4,0,162,22,2024,6,7,0,1,19,14,4,0,1546,46,1417,8,3,0,51,19,11,3,0,98,19,1401,6,3,0,1,16,11,3,0,1137,874,263,104.96612552,0.16400957,2987.9784577654,424782.84169857897,26767870.0,26576.5,35494438.76,27487.0,27871815.0,26508.0,31120583.0,25681.5,34077779.0,28267.0,38243219.0,29601.5,33,13676.031221836629,LOW_INCOME,LOW_INCOME
98,99,99.05,11001009905,2795,2729,24,2676,7,3,2,17,57,25,0,4,52,20,2656,7,3,2,2,49,24,0,4,2012,22,1933,6,3,2,12,31,18,0,3,29,19,1923,6,3,2,0,29,17,0,3,1330,1104,226,106.60637450000002,0.16657246,2908.05456932434,431420.693863826,30819168.68,26468.0,36150350.0,27355.0,31738883.0,25668.0,34320695.0,25986.0,35638365.0,26497.0,40068077.0,28297.0,33,16779.48443578248,LOW_INCOME,LOW_INCOME
99,100,99.06,11001009906,1296,1264,11,1241,3,3,0,6,28,15,3,0,31,8,1227,1,3,0,0,24,12,2,0,1001,11,956,2,3,0,6,19,12,2,0,23,8,948,1,3,0,0,16,10,2,0,756,592,164,61.26893443,0.09573271,2139.29731849347,247946.58228386802,16913306.0,27813.0,21931724.0,26833.0,17588909.0,26361.0,19399569.0,29004.0,22813412.0,28540.0,24288526.0,28732.0,33,13537.69260266423,LOW_INCOME,LOW_INCOME
100,101,99.07,11001009907,2836,2789,13,2763,4,6,1,2,47,22,7,2,30,10,2746,3,6,1,0,40,22,7,2,1893,11,1847,2,4,1,2,26,13,3,0,21,8,1835,1,4,1,0,23,13,3,0,1176,1097,79,115.37489453,0.18027327,3177.05662942758,466905.635699033,27930889.0,23122.0,31452975.28,22424.0,29040909.0,22048.5,30367917.47,21635.5,31646541.0,23380.0,33496320.0,23804.5,33,15731.672255126896,LOW_INCOME,LOW_INCOME
101,102,101.0,11001010100,2621,2540,1672,393,4,388,2,81,25,22,33,2,298,1477,381,4,382,2,14,18,16,30,1,2529,1639,370,4,373,2,67,21,19,32,2,268,1457,360,4,367,2,14,15,14,29,1,2067,1794,273,143.24577956,0.22382153,3436.5832123999,579695.106431479,94655251.0,55985.5,122209400.0,64721.0,108470412.0,59866.0,131214216.0,67512.0,92406308.0,66081.5,116764932.0,71341.0,8,11710.222872661088,MID_INCOME,MID_HIGH_INCOME
102,103,102.0,11001010200,2324,2208,1132,918,8,118,1,31,78,37,28,1,138,1057,900,5,118,1,8,64,30,27,1,2193,1097,857,8,111,1,31,58,35,20,1,128,1029,839,5,111,1,8,47,30,19,1,1654,1465,189,342.52280123,0.53519188,5083.27201049632,1386140.60622477,87260141.0,60379.5,103762693.0,62109.0,103406574.0,61275.0,111525170.0,63261.5,109619741.0,62140.0,135720406.0,67011.0,9,4342.367825162071,MID_INCOME,MID_HIGH_INCOME
103,104,103.0,11001010300,3187,3057,725,1915,36,67,3,311,68,37,27,9,527,606,1872,17,66,3,14,61,25,25,3,2677,655,1623,31,62,3,216,53,29,13,8,384,559,1589,17,61,3,7,47,20,12,3,1306,1173,133,268.32577311,0.41925902,5400.81030425883,1085875.88465221,67033876.8,35106.5,76672409.0,36564.5,70736519.0,35263.0,75275047.0,35107.0,80323393.0,36951.0,86842954.0,36933.0,16,7601.506104746417,MID_INCOME,MID_INCOME
104,105,104.0,11001010400,4365,4281,129,4115,9,12,1,15,75,43,19,4,85,105,4082,7,12,1,0,67,41,17,3,3362,114,3157,7,10,1,13,55,33,9,4,64,98,3133,5,10,1,0,48,31,8,3,1828,1528,300,670.38691157,1.04747956,7779.6721858508,2712959.59467214,41916212.0,26314.0,45848533.0,24753.0,44255870.0,25687.0,46502276.0,26338.0,47671783.0,25165.5,50092794.0,25363.0,39,4167.145753183003,LOW_INCOME,LOW_INCOME
105,106,75.03,11001007503,2425,2388,39,2319,8,6,0,16,34,14,4,4,37,37,2308,2,6,0,3,30,14,4,4,1641,39,1561,5,5,0,13,16,12,1,3,22,37,1555,2,5,0,3,16,12,1,3,1000,857,143,123.49271125,0.19295736,2859.5298405734,499757.274593085,26718856.0,24918.0,29135292.0,23253.0,28871602.0,24616.5,28340224.0,22439.5,30892418.0,22427.0,34675207.0,23658.0,28,12567.54341995558,LOW_INCOME,LOW_INCOME
106,107,75.04,11001007504,2451,2406,25,2370,5,4,0,2,45,18,6,0,6,24,2370,5,4,0,0,42,17,6,0,1652,22,1589,3,4,0,2,32,12,4,0,6,21,1589,3,4,0,0,29,11,4,0,1215,1007,208,196.82961741,0.30754628,4403.70024115352,796541.20604348,22978274.0,22252.0,28493704.0,20654.0,25984323.0,21037.0,27086707.0,19965.0,29579990.0,21006.5,31827145.0,22229.5,28,7969.532260315423,LOW_INCOME,LOW_INCOME
107,108,19.02,11001001902,1969,1891,237,1537,2,24,0,91,68,29,10,0,179,177,1525,0,24,0,5,52,23,10,0,1625,201,1284,2,24,0,61,45,23,4,0,126,161,1275,0,24,0,3,31,18,4,0,861,807,54,219.46957607,0.34292122,3998.1720279716205,888161.8687276071,58668759.0,46399.0,60643912.0,46000.5,59659989.0,47090.0,61493116.0,49240.0,67370032.0,49598.0,71508164.0,51168.0,17,5741.84356395326,MID_INCOME,MID_INCOME
108,109,20.01,11001002001,2340,2244,598,1172,10,61,4,399,69,26,16,2,629,441,1138,6,58,4,10,43,20,11,1,1897,503,980,7,48,4,288,52,22,5,2,470,384,951,3,46,4,1,34,18,2,1,1026,915,111,156.38148739,0.24434608,4208.850576981579,632853.430341176,74238446.0,32239.0,77796183.0,32255.0,72835604.0,33930.5,89402790.0,33028.0,89897212.0,31824.0,94288662.0,34251.0,18,9576.580888876957,MID_INCOME,MID_INCOME
109,110,20.02,11001002002,3813,3611,778,2297,14,54,9,459,106,31,30,55,794,577,2247,9,53,2,36,75,25,29,11,2994,624,1869,12,48,9,303,69,26,14,39,541,487,1829,9,47,2,15,55,20,13,11,1436,1334,102,209.83484706,0.32786695,4418.371750955271,849171.50349221,99551003.0,34078.0,111106825.0,34515.0,103023441.0,32810.0,116228210.0,33151.0,127883153.0,38577.0,137968594.0,39738.5,18,11629.717481435686,MID_INCOME,MID_INCOME
110,111,21.01,11001002101,5309,5075,675,3301,34,99,9,957,128,47,26,6,1651,260,3203,13,95,1,6,72,36,17,4,4155,536,2685,24,77,6,658,88,33,17,6,1152,239,2619,7,74,1,2,54,25,12,4,2183,1983,200,148.52620714,0.23207220000000003,3187.2880507906398,601064.2388130911,94312486.76,26813.0,111940633.0,28176.5,100905873.0,27449.5,107570821.0,27870.5,112888946.0,29257.0,126189873.0,30443.0,18,22876.50136466151,LOW_INCOME,MID_INCOME
111,112,21.02,11001002102,4648,4523,398,3583,15,27,0,500,110,47,15,3,724,278,3512,12,27,0,13,76,37,8,3,3652,334,2881,7,23,0,322,73,35,12,3,476,252,2834,6,23,0,4,51,28,7,3,2173,1900,273,179.36485752,0.28025759,3547.7535426216705,725863.829931322,92766959.97,32803.0,113649527.0,33861.5,103545279.0,33094.0,107590365.0,34640.0,119845798.0,36433.5,130031411.0,38248.0,18,16584.74262909347,MID_INCOME,MID_INCOME
112,113,22.01,11001002201,3442,3354,432,2331,12,55,0,524,59,22,10,3,823,227,2281,4,55,0,10,36,20,8,2,2724,354,1903,9,47,0,352,38,18,6,3,569,198,1869,4,47,0,4,29,16,4,2,1186,1110,76,102.58051588,0.16028206,2575.69824621092,415128.621962459,70400837.0,30903.0,85149168.0,32313.0,75036081.0,31369.5,79524709.0,31352.5,91456684.98,36545.0,100975796.0,38447.0,17,21474.6428889172,MID_INCOME,MID_INCOME
113,114,22.02,11001002202,3087,2946,285,2177,26,28,1,429,105,34,19,19,648,174,2130,10,28,0,4,81,22,18,19,2440,232,1761,18,28,1,308,74,28,12,18,448,160,1727,9,28,0,4,56,17,11,18,1434,1272,162,171.85117555,0.26851746,3340.61329168123,695457.037597032,53733218.0,29485.5,65242968.0,29500.0,59185960.0,31222.0,64348461.0,30895.0,68791897.0,31094.0,76191464.0,34486.0,19,11496.459112938132,LOW_INCOME,MID_INCOME
114,115,93.02,11001009302,1189,1142,221,835,11,20,0,55,37,19,5,4,125,178,821,4,20,0,0,34,18,5,4,958,198,664,7,14,0,42,26,17,2,4,97,162,654,3,14,0,0,24,16,2,4,545,460,85,99.66119489,0.15572062,2780.1365050494,403314.54901526397,29300075.0,38413.0,32262752.0,38884.0,30980311.0,39454.0,31339082.0,40970.5,35745645.0,40877.0,38583475.0,40697.5,22,7635.469214032156,MID_INCOME,MID_INCOME
115,116,23.01,11001002301,2974,2899,474,2137,20,37,2,229,44,15,12,18,402,371,2113,7,37,0,5,29,15,11,1,2398,416,1728,13,28,2,156,28,14,10,15,285,337,1710,6,28,0,4,18,14,9,1,1168,1069,99,101.94811585,0.15929393,2865.3912446982104,412569.38984418794,66417176.0,37400.0,84654482.0,37194.5,74796443.0,36275.0,78771314.0,37362.0,98291254.0,41551.0,104003314.0,43663.0,18,18669.88905352514,MID_INCOME,MID_INCOME
116,117,23.02,11001002302,2036,1983,1022,870,10,60,0,21,40,19,13,7,84,978,860,10,60,0,2,31,18,13,3,1915,1004,778,10,58,0,19,34,19,11,7,68,968,772,10,58,0,2,27,18,10,3,1573,1216,357,497.9453067,0.77803955,5876.13667254679,2015113.17440509,26615661.0,30605.0,31103989.0,37487.0,29334569.0,33921.0,31213085.0,35344.0,28685547.0,39185.0,33413912.0,44461.0,21,2616.8335529986875,MID_INCOME,MID_INCOME
117,118,24.0,11001002400,3618,3524,793,2293,15,60,1,362,54,31,18,4,685,560,2240,5,60,1,8,39,26,16,3,2951,696,1864,11,54,1,247,46,30,12,4,494,517,1827,5,54,1,5,33,24,11,3,1384,1275,109,137.46596722,0.21479058,3265.93471510346,556305.035604766,80149660.0,36059.0,106668159.0,38006.0,91479505.0,35654.0,103751959.0,37713.5,112743138.0,42453.0,129540107.0,44564.5,18,16844.314122155636,MID_INCOME,MID_INCOME
118,119,25.01,11001002501,2554,2439,613,1432,11,25,4,354,50,26,19,32,589,463,1398,7,25,1,14,44,24,16,2,2092,514,1220,11,22,3,240,35,22,10,25,430,395,1191,7,22,1,8,30,20,9,2,1042,1004,38,134.27921226,0.20981127,3106.1477969181606,543408.6957399871,63870734.0,31549.0,74481381.0,31627.5,69649528.0,29087.5,75809953.0,31390.0,79878737.0,34334.0,87120014.0,35144.0,18,12172.844671308649,MID_INCOME,MID_INCOME
119,120,25.02,11001002502,5973,5514,1493,2496,39,91,5,1390,116,47,60,175,2532,837,2363,13,90,5,28,72,28,47,2,4826,1281,2079,28,83,4,1003,83,43,41,131,1876,778,1985,7,82,4,19,51,26,33,2,2415,2151,264,149.36200544,0.23337814,3238.9066709474896,604446.59456458,116055853.0,26090.0,156512610.0,32326.0,135667766.0,28524.0,149546963.97,30983.0,153589572.0,34494.0,184029268.0,37513.0,18,25593.656715234767,LOW_INCOME,MID_INCOME
120,121,26.0,11001002600,2166,2074,916,1026,6,67,0,59,66,23,23,2,149,842,1017,6,67,0,12,57,16,22,2,1816,782,867,6,55,0,45,45,20,12,2,117,723,858,6,55,0,9,40,16,11,2,1001,947,54,547.64843262,0.85570068,9204.26939925433,2216254.58992257,134692240.0,78044.0,120160981.0,74993.5,137593664.0,78133.0,150712513.0,79794.0,164390717.0,82203.0,170973446.0,81819.0,18,2531.2589444243517,MID_HIGH_INCOME,MID_HIGH_INCOME
121,122,27.01,11001002701,5233,4989,2828,1281,29,276,2,573,124,56,88,12,1269,2267,1236,16,267,2,18,86,33,73,7,4623,2548,1169,24,250,2,444,99,53,60,11,1004,2092,1128,15,243,2,17,70,30,51,7,2845,2655,190,111.26390688,0.17384986,3377.59081085591,450269.058831022,137493357.0,35394.5,184313228.0,42690.0,169063427.0,39237.0,178818098.7,41223.5,175143270.64,43441.0,226192119.8,47231.0,2,30100.685729629004,MID_INCOME,MID_INCOME
122,123,76.01,11001007601,4355,4285,140,4109,7,21,0,8,64,31,12,2,61,124,4075,6,21,0,4,59,28,11,2,3411,132,3200,7,18,0,6,42,26,8,2,48,118,3175,6,18,0,2,39,24,7,2,2196,1855,341,312.10958149,0.48767122,4733.02679083879,1263062.671833,65787519.0,28653.0,72209610.0,29757.0,67410946.0,28397.0,72573691.0,29717.0,76798005.0,30483.5,82541867.0,30846.0,34,8930.196865010816,LOW_INCOME,MID_INCOME
123,124,76.03,11001007603,4044,3961,244,3645,26,19,1,26,76,39,4,3,89,224,3613,23,19,0,1,72,38,4,2,3331,221,2990,19,15,1,20,59,27,4,3,72,205,2964,17,15,0,1,55,26,4,2,2328,2121,207,303.08192102,0.4735655,4994.72336794118,1226529.02588878,95985961.0,42744.0,96251269.0,41564.0,96420454.0,41551.0,100710493.0,41409.0,100775617.0,41528.5,106625544.0,42402.0,35,8539.473420255488,MID_INCOME,MID_INCOME
124,125,76.04,11001007604,3644,3594,148,3411,10,10,1,14,45,22,9,0,59,127,3387,9,10,1,4,43,21,8,0,2982,134,2779,9,10,1,10,36,18,7,0,45,115,2763,9,10,1,3,34,17,6,0,1931,1750,181,338.15673863,0.52836991,5427.17605687713,1368471.77761395,77030053.0,35693.5,80847329.0,36500.5,77577041.0,34254.5,82552503.0,36143.0,87515989.0,36633.0,94079938.0,38093.5,35,6896.683423929269,MID_INCOME,MID_INCOME
125,126,76.05,11001007605,3447,3380,47,3292,16,11,0,14,62,29,11,2,43,37,3278,15,11,0,5,57,29,11,2,2763,43,2635,13,10,0,12,45,26,7,2,30,37,2623,13,10,0,4,45,26,7,2,1804,1581,223,112.12369862,0.17519328,3672.99917018877,453748.512541281,53319053.0,31064.0,56942326.0,29971.0,55599933.0,30825.5,56534733.0,30292.0,59581383.0,31643.0,61946654.0,31588.5,34,19675.412207591522,MID_INCOME,MID_INCOME
126,127,77.03,11001007703,5187,5105,53,4924,10,5,1,112,72,47,7,2,186,29,4886,9,5,1,5,63,39,5,2,3665,44,3476,8,3,1,82,42,32,5,2,140,24,3446,8,3,1,4,37,24,3,2,2338,2103,235,249.88048553,0.39043826,4509.84828099638,1011230.45369159,62080786.0,26835.0,66007045.0,24882.0,65408275.0,25046.5,65645025.0,25153.0,71794022.0,26023.5,76945859.0,26266.0,32,13285.070986639475,LOW_INCOME,LOW_INCOME
127,128,77.07,11001007707,3867,3828,42,3740,12,1,0,33,37,19,2,1,64,42,3712,11,1,0,4,32,18,2,1,2841,38,2742,10,1,0,22,26,16,1,0,39,38,2728,9,1,0,3,22,15,1,0,1721,1555,166,208.25644896,0.3254007,4424.68214418747,842783.952986726,58126835.3,31164.0,61842067.0,28427.5,57877113.0,29008.0,62097139.0,28629.0,64147480.0,30013.0,66746843.0,29422.5,33,11883.80971522188,MID_INCOME,LOW_INCOME
128,129,77.08,11001007708,2486,2438,11,2416,2,1,2,6,44,24,7,3,35,9,2395,2,1,2,1,41,23,6,2,1837,9,1782,2,1,2,4,34,18,6,3,24,9,1767,2,1,2,0,32,17,5,2,1262,1084,178,211.60107090000002,0.33062668,4293.39391406005,856319.157832923,30562571.0,26240.0,34921404.0,25245.0,31748410.0,25109.5,33241592.0,24441.0,33292010.0,25265.0,34745840.0,25783.0,32,7519.054421137459,LOW_INCOME,LOW_INCOME
129,130,77.09,11001007709,2007,1972,38,1896,8,3,0,27,32,19,6,0,47,29,1884,7,3,0,8,29,16,6,0,1599,34,1513,7,3,0,19,21,14,2,0,30,28,1505,6,3,0,7,20,12,2,0,1144,979,165,228.47142583,0.35698661,4638.99701176038,924591.06243485,28571370.0,29896.0,30343665.0,30352.0,28310642.0,27863.5,31742090.0,28828.0,33881022.0,28981.0,34779735.0,28775.0,34,5622.059606101193,LOW_INCOME,LOW_INCOME
130,131,78.03,11001007803,3293,3244,36,3126,15,8,0,59,40,20,10,5,103,22,3102,15,8,0,6,35,19,6,4,2543,32,2404,12,7,0,45,35,18,6,5,75,22,2387,12,7,0,6,32,17,4,4,1652,1438,214,247.75835165,0.38712243,4553.269282785071,1002642.48252286,47573443.6,29997.0,52825855.0,27686.0,48905994.0,27744.5,49369713.0,27604.0,57963981.0,28576.0,61989776.0,29393.5,30,8506.352886863207,LOW_INCOME,LOW_INCOME
131,132,78.04,11001007804,3446,3366,24,3289,4,4,0,45,72,44,19,5,69,18,3277,4,4,0,5,63,42,19,5,2432,19,2323,4,4,0,28,47,27,12,5,42,16,2315,4,4,0,4,42,25,12,5,1378,1212,166,209.50982532,0.3273591,4574.8029096347,847856.1871740379,37285095.0,27108.0,42241373.0,24947.0,36383082.0,24256.5,40137177.0,24418.0,43080974.0,25264.0,45942286.0,25868.0,31,10526.666281768248,LOW_INCOME,LOW_INCOME
132,133,78.06,11001007806,2347,2319,35,2247,13,3,1,20,27,21,0,7,75,22,2208,12,3,0,0,27,20,0,7,1797,30,1723,10,3,1,12,17,14,0,1,51,22,1695,9,3,0,0,17,13,0,1,1102,964,138,170.22681091,0.26597939,4130.20713420573,688883.467072914,32232385.0,29933.0,35524039.0,27394.0,32201366.0,28847.0,35415431.0,29425.5,37422570.0,30052.0,42317490.0,30296.5,31,8823.991964189407,LOW_INCOME,MID_INCOME
133,134,27.02,11001002702,5226,5006,3439,699,48,205,1,614,65,38,58,14,1303,2924,652,15,202,0,24,43,21,52,11,4578,3057,635,37,185,1,494,46,32,44,12,1076,2620,591,11,183,0,15,32,18,39,9,2565,2311,254,124.92452393,0.19519457,3697.6278047690203,505551.614962995,198770793.0,43840.5,223639542.0,48746.5,216772349.0,45791.0,238216199.0,47500.0,232110688.0,47399.0,270883128.0,50917.0,2,26773.28575277478,MID_INCOME,MID_INCOME
134,135,28.01,11001002801,3773,3602,1241,1359,23,155,1,823,69,40,41,5,1382,817,1321,11,151,0,12,44,24,31,5,3145,1128,1088,16,129,1,641,53,30,38,4,1090,792,1058,6,125,0,10,32,18,28,4,1820,1646,174,42.47578244,0.06636841,1725.3228413476902,171893.394000542,65733402.0,23606.0,94212705.0,28873.0,83898374.0,26426.0,90893505.0,28629.0,80041474.0,28917.0,97260309.0,33796.0,2,56849.3353991756,LOW_INCOME,MID_INCOME
135,136,96.03,11001009603,3373,3305,25,3236,10,7,1,26,53,35,17,4,62,17,3220,9,7,1,3,47,32,13,2,2646,22,2545,6,5,1,17,38,24,15,4,39,17,2536,5,5,1,2,34,22,11,2,1750,1588,162,157.96184789,0.24681539,3866.0675159500397,639248.922423749,50548063.0,29854.0,54782066.0,29205.0,51432289.0,28037.5,52174930.0,28187.0,55087454.94,27981.0,58282104.0,29140.0,32,13666.084598695406,LOW_INCOME,LOW_INCOME
136,137,96.04,11001009604,1962,1925,31,1865,4,1,0,24,27,13,5,8,55,22,1859,1,1,0,0,21,12,4,3,1592,28,1514,2,1,0,16,22,13,4,8,39,21,1509,1,1,0,0,18,12,3,3,998,927,71,135.54525647,0.21178946,3139.24587373591,548532.194925361,39320298.0,34892.0,42571608.0,36056.5,37671884.0,33177.0,38840511.0,34782.5,41657348.0,35693.0,42752988.0,35403.0,32,9263.917099557268,MID_INCOME,MID_INCOME
137,138,97.0,11001009700,3177,3141,20,3098,6,4,5,8,34,17,3,3,32,13,3086,6,3,5,0,32,16,3,3,2256,16,2196,5,4,1,5,27,15,1,2,22,13,2187,5,3,1,0,25,14,1,2,1307,1179,128,101.31491244,0.15830455,3393.2790766648804,410006.90652181604,37230924.0,28163.5,41269716.0,27242.0,39880533.0,28285.0,40335605.0,26811.0,41436665.8,27024.0,42553067.0,28849.0,39,20068.911474749148,LOW_INCOME,LOW_INCOME
138,139,98.01,11001009801,1575,1554,16,1526,3,5,0,4,21,7,1,0,26,11,1512,3,5,0,2,16,7,1,0,1100,15,1058,3,5,0,4,15,6,1,0,14,10,1053,3,5,0,2,13,6,1,0,766,677,89,110.83911047,0.17318611,3275.8220307938395,448549.968715114,16467492.0,24531.5,19048407.0,25883.5,19081986.0,27074.5,18248824.0,25989.0,17778638.57,23323.5,19288881.0,24214.0,39,9094.262813570904,LOW_INCOME,LOW_INCOME
139,140,98.02,11001009802,1693,1678,11,1665,1,0,0,1,12,3,1,2,27,10,1643,1,0,0,1,11,3,1,2,1136,10,1111,1,0,0,1,10,3,1,2,13,9,1103,1,0,0,1,9,3,1,2,848,677,171,49.60026818,0.07750042,2124.24389586436,200725.16501653398,15926462.0,24440.0,18186608.0,23629.0,15540000.0,24559.0,16598367.0,23436.0,15661896.0,21843.5,17489336.0,21172.0,39,21845.042904283615,LOW_INCOME,LOW_INCOME
140,141,78.07,11001007807,2139,2108,18,2053,2,5,0,30,30,9,8,0,49,9,2043,2,5,0,4,26,9,7,0,1593,13,1537,1,5,0,18,18,8,2,0,29,9,1531,1,5,0,1,16,8,2,0,906,810,96,129.42213941,0.20222209,3369.64089324018,523752.819176796,26964218.0,27911.5,29022672.0,25588.0,27172275.0,26950.5,29864189.0,26722.0,31685807.0,25848.0,32933216.0,27008.0,31,10577.479443516779,LOW_INCOME,LOW_INCOME
141,142,78.08,11001007808,3646,3592,34,3489,10,9,0,50,53,38,4,0,77,29,3470,8,9,0,12,40,33,3,0,2544,28,2431,9,5,0,33,37,26,2,0,51,24,2417,7,5,0,11,28,23,2,0,1598,1352,246,234.83680529,0.36693251,4159.12160667835,950350.839345495,44146628.79,27911.0,47655483.0,24266.0,44039061.0,26488.0,45848749.0,25835.0,51644760.0,26059.5,55871889.0,27844.5,31,9936.432179312756,LOW_INCOME,LOW_INCOME
142,143,87.01,11001008701,2407,2360,384,1888,4,38,3,43,34,15,16,0,114,356,1856,3,38,2,3,28,10,16,0,1978,357,1513,4,29,3,39,25,12,10,0,96,332,1491,3,29,2,2,19,7,10,0,972,873,99,95.00421447,0.14844409,2699.84992868344,384468.417754861,48565203.0,34711.0,70853972.0,37790.0,57403391.0,35334.0,65364292.0,38164.0,74587120.0,41781.0,86810333.0,44960.0,21,16214.859075898541,MID_INCOME,MID_INCOME
143,144,87.02,11001008702,1599,1557,221,1280,6,16,1,33,39,13,6,2,103,182,1265,6,13,1,1,27,9,6,2,1325,195,1055,6,16,1,20,30,11,5,0,72,167,1044,6,13,1,0,21,8,5,0,902,713,189,117.22381608,0.18316221,3710.8128911494,474387.95575955,28412101.0,32251.0,59322798.0,41675.0,30878869.0,32047.0,43104817.0,38477.5,74934828.0,47601.0,159109427.0,53754.0,21,8729.966732766547,MID_INCOME,MID_INCOME
144,145,88.02,11001008802,4119,4030,308,3607,29,35,4,47,68,36,15,6,172,268,3555,16,35,4,1,61,24,12,6,3301,274,2873,22,32,1,37,45,27,10,6,129,240,2840,10,32,1,1,41,18,8,6,1999,1746,253,116.56975915,0.18214025,2848.5799209288502,471741.08125541295,62141902.81,28875.5,80440359.0,31959.5,68412661.0,29125.0,73584575.0,29903.0,86766327.42,35199.0,99751561.0,38882.5,23,22614.441343964336,LOW_INCOME,MID_INCOME
145,146,88.03,11001008803,2037,1958,694,1143,9,54,5,53,43,21,29,6,167,621,1117,8,52,5,3,33,16,27,5,1709,673,860,9,49,5,45,32,22,28,6,146,603,842,8,47,5,3,24,16,27,5,612,442,170,284.57698472,0.44465154,5287.29962921808,1151642.20512901,9823344.0,16056.0,14330450.0,16546.0,11668374.0,16917.0,12715225.0,16095.0,18786961.0,21519.0,22956326.0,24186.0,23,4581.115360581007,LOW_INCOME,LOW_INCOME
146,147,98.03,11001009803,2758,2719,23,2684,5,3,0,4,35,16,10,4,30,20,2667,5,3,0,0,29,14,10,4,2000,22,1943,5,2,0,4,22,11,5,2,21,19,1931,5,2,0,0,20,10,5,2,1416,1201,215,131.21324991,0.20502070000000003,3195.47338916018,531001.1862700239,30971202.0,26640.0,33847590.0,23984.0,33180603.0,25128.5,33226454.0,25227.0,35039724.0,25379.0,37398304.0,26262.5,39,13452.300182371828,LOW_INCOME,LOW_INCOME
147,148,98.04,11001009804,2473,2435,42,2369,5,4,0,15,32,13,4,2,56,14,2361,5,4,0,3,30,12,1,1,1778,28,1706,4,4,0,13,19,7,2,1,39,11,1700,4,4,0,2,18,7,0,1,1071,955,116,128.07435089,0.20011617,3761.5943192991,518298.512527794,32581400.0,27829.0,34316210.0,27427.5,33095951.0,27152.5,34012746.0,27000.0,37891027.0,28276.5,40708270.0,29122.0,39,12357.821959115048,LOW_INCOME,LOW_INCOME
148,149,98.07,11001009807,3072,3022,56,2937,4,13,0,12,48,24,3,0,58,38,2912,3,13,0,1,46,24,3,0,2396,46,2304,4,12,0,11,18,12,1,0,42,36,2283,3,12,0,1,18,12,1,0,1551,1350,201,256.62676966,0.40097933,5057.76063247216,1038531.69710494,49300774.86,31540.43,50089141.0,29196.0,50160528.0,29574.5,51025204.0,29638.0,52225202.0,28837.0,55085531.0,30509.0,39,7661.2427877516775,MID_INCOME,MID_INCOME
149,150,98.1,11001009810,2507,2483,15,2456,3,1,0,8,23,12,8,0,22,15,2439,3,1,0,6,21,12,6,0,1734,13,1692,3,1,0,6,18,11,8,0,17,13,1680,3,1,0,4,16,11,6,0,1171,1103,68,101.91676715,0.15924495,2811.70745561474,412442.52613678604,20731641.0,22114.0,23630871.0,20845.0,22087145.0,21242.0,22667655.0,21012.5,23590181.04,22107.0,25212674.0,21337.0,39,15743.042401030614,LOW_INCOME,LOW_INCOME
150,151,105.0,11001010500,3410,3296,1101,1888,15,231,2,59,63,33,43,10,212,1000,1858,13,228,2,10,49,26,35,4,2946,1074,1501,14,211,2,50,47,28,38,10,190,977,1477,13,208,2,10,35,20,30,4,2347,2000,347,185.97314606,0.29058304,3700.25522199699,752606.625014815,84029289.0,45706.5,112250955.0,52096.0,98303018.0,48448.0,105746983.0,51276.5,106072495.0,52567.0,124766159.0,56785.0,9,11735.027618955324,MID_INCOME,MID_INCOME
151,152,106.0,11001010600,3933,3814,1624,1992,15,126,0,57,70,44,38,3,177,1548,1969,3,123,0,10,63,39,35,2,3397,1503,1622,14,117,0,47,52,37,33,2,141,1442,1603,3,115,0,10,48,33,30,2,1927,1670,257,305.56417488,0.47744403,5269.16251646564,1236574.3509128,121226133.0,46770.0,256230114.0,55071.5,161447062.0,51645.0,209503581.0,53822.0,231914897.58,55353.0,313701867.0,58798.5,25,8237.614783873201,MID_INCOME,MID_INCOME
152,153,107.0,11001010700,1838,1775,1442,89,6,209,0,29,12,7,40,7,137,1344,85,5,207,0,4,10,6,38,7,1821,1433,86,6,207,0,28,10,8,40,7,134,1336,83,5,205,0,4,8,6,39,7,1413,1244,169,220.29398686,0.34420936,3825.4650739829,891498.1408423991,76742725.0,55538.5,121704083.0,63057.0,65155219.0,58724.0,148356514.0,60245.0,131895201.0,71866.0,156457298.0,72231.0,6,5339.773444859256,MID_INCOME,MID_HIGH_INCOME
153,154,108.0,11001010800,6408,6194,5146,279,2,708,3,56,133,32,150,27,268,4946,277,2,706,2,6,129,29,149,27,6381,5132,270,2,706,3,56,131,32,148,27,265,4933,269,2,704,2,6,128,29,148,27,1115,1034,81,163.46463812,0.2554135,3482.46515800708,661517.924546416,23332003.5,39566.0,35939787.0,42735.0,33571416.0,40108.0,44924794.0,39390.0,33640053.0,41873.0,38436301.0,47991.5,5,25088.728669392964,MID_INCOME,MID_INCOME
154,155,109.0,11001010900,3211,3146,58,3055,6,15,0,12,61,22,9,0,47,49,3035,6,15,0,2,56,21,6,0,2356,56,2226,5,15,0,8,43,22,5,0,35,47,2211,5,15,0,1,41,21,4,0,1366,1161,205,1313.08286356,2.05169199,11812.0149969614,5313857.851102,21483928.0,21961.0,25597789.0,20753.5,23779752.0,21350.0,25906312.0,20502.0,27129325.0,20661.0,27893573.0,21980.0,39,1565.0497324405892,LOW_INCOME,LOW_INCOME
155,156,110.0,11001011000,3715,3584,1632,1712,29,140,3,68,90,49,40,3,183,1560,1683,24,139,3,13,77,40,36,3,3354,1593,1455,23,130,3,54,58,40,28,2,158,1524,1429,20,130,3,11,48,32,25,2,2673,2345,328,254.12238792,0.39706623,5794.13710563469,1028396.82375154,142255206.0,61476.0,159856545.0,66090.0,159085656.0,61805.0,167859350.0,64116.0,173116968.42,67450.0,184361322.0,70438.5,9,9356.121773438148,MID_INCOME,MID_HIGH_INCOME
156,157,111.0,11001011100,4859,4727,322,4192,24,15,1,173,110,58,19,3,337,241,4147,18,15,1,8,88,46,19,3,3945,279,3410,21,13,1,123,85,43,12,3,237,223,3379,15,13,1,5,70,37,12,3,1868,1727,141,1497.65127059,2.34008013,13673.1071387485,6060779.69889432,101111776.0,40473.0,108672370.0,40625.5,99900451.0,40198.0,104974019.0,41009.0,115762533.0,41166.0,122414153.0,42315.0,24,2076.424622262828,MID_INCOME,MID_INCOME
157,158,93.01,11001009301,3143,3031,979,1915,14,71,0,52,75,32,24,1,221,866,1891,13,67,0,3,56,30,23,1,2617,866,1555,13,66,0,39,50,31,18,1,175,768,1535,12,62,0,3,42,29,17,1,1230,1162,68,272.13307305,0.42520793,4589.37811757332,1101283.48097072,80177844.52,46848.0,96067410.0,47415.0,89517062.0,46693.0,96422375.11,47221.0,116557623.0,54943.0,124565445.0,57282.5,22,7391.677761042697,MID_INCOME,MID_INCOME
158,159,78.09,11001007809,2922,2875,58,2768,9,4,0,36,40,19,6,0,86,35,2753,5,4,0,1,38,16,6,0,2129,51,2011,8,3,0,26,24,17,1,0,65,33,2001,4,3,0,1,22,14,1,0,1339,1135,204,132.23895485,0.20662337,3874.35998735535,535152.0668894061,37559798.37,27390.0,41012846.0,24953.0,37380788.0,25825.5,39381158.0,25178.0,44647455.0,27046.0,48307774.0,28461.0,31,14141.672357778309,LOW_INCOME,LOW_INCOME
159,160,79.01,11001007901,3822,3730,397,3252,16,24,0,41,85,32,21,3,115,349,3240,11,24,0,7,73,30,18,2,2771,362,2287,13,24,0,30,50,24,11,3,76,327,2280,9,24,0,6,47,23,9,2,1784,1540,244,98.41517823,0.15377372,2551.39362258977,398272.09844265896,54104963.0,29975.0,68844302.0,31673.0,60769648.0,29766.0,65914144.0,30020.5,76444757.0,34692.0,85297510.0,37573.0,25,24854.702090838407,LOW_INCOME,MID_INCOME
160,161,79.03,11001007903,1774,1749,156,1536,6,10,0,41,22,14,3,1,95,120,1518,6,9,0,4,22,12,3,1,1407,136,1205,5,10,0,31,17,11,2,1,70,112,1192,5,9,0,2,17,9,2,1,880,778,102,59.94389871,0.09366234,2170.94540046585,242584.35292888302,33231634.0,36257.0,41719677.0,39557.0,34946070.0,36732.0,38094648.0,36321.5,46326405.0,44633.0,53049430.0,47103.0,25,18940.37667647424,MID_INCOME,MID_INCOME
161,162,80.01,11001008001,2784,2701,1321,1247,10,65,1,57,51,21,26,7,138,1264,1235,7,62,1,9,42,16,24,7,2397,1168,1058,10,58,1,40,39,19,16,4,111,1119,1049,7,55,1,5,32,14,14,4,1391,1286,105,80.43091395,0.1256733,2400.60290507304,325492.362612918,100414811.0,60366.0,126560393.0,67249.0,113921738.0,63888.0,122354172.0,66117.5,130054316.0,70322.0,144770934.0,75309.5,25,22152.676821568308,MID_INCOME,MID_HIGH_INCOME
162,163,80.02,11001008002,3031,2946,1662,1158,6,74,3,43,43,14,31,3,114,1602,1152,4,73,3,8,40,13,30,0,2614,1450,1014,6,65,1,33,19,10,16,2,91,1400,1011,4,64,1,6,17,9,15,0,1644,1477,167,142.85063562,0.22320412,3883.36802698995,578096.01563321,121769571.0,67000.5,162596832.0,72447.0,142225876.0,68264.0,160531068.0,70314.0,156077250.77,75659.5,173685028.0,80922.0,26,13579.498442949887,MID_HIGH_INCOME,MID_HIGH_INCOME
163,164,81.0,11001008100,2910,2823,2276,422,11,75,1,38,33,19,47,1,133,2195,413,10,74,1,4,31,17,47,1,2551,2027,366,11,62,1,26,23,19,29,1,106,1957,361,10,61,1,2,21,17,29,1,1549,1452,97,72.21812179,0.11284082,2331.3459845136103,292256.371732737,139606334.0,81428.0,168364052.0,72100.0,166143944.0,77408.0,167686490.0,77394.0,173483443.0,85914.0,194119047.0,90338.0,25,25788.539998202777,MID_HIGH_INCOME,MID_HIGH_INCOME
164,165,82.0,11001008200,2918,2843,2515,156,12,116,1,43,15,14,50,2,134,2443,152,9,113,1,2,11,11,45,2,2674,2328,146,12,106,1,37,12,11,23,2,119,2260,142,9,103,1,2,9,8,23,2,1655,1522,133,84.04524066,0.13132069,3038.8678116908195,340119.02397668303,117647812.0,70126.5,147633111.0,67792.5,142848043.0,69117.5,155157942.0,70452.0,143780010.0,77086.0,159931869.0,78676.0,26,22220.413249427795,MID_HIGH_INCOME,MID_HIGH_INCOME
165,166,83.01,11001008301,2279,2225,1743,383,5,67,1,26,21,7,31,1,80,1703,373,5,66,1,2,19,5,31,1,2039,1585,331,4,59,1,23,14,6,19,1,71,1546,324,4,58,1,1,14,5,19,1,1154,1072,82,75.10652056,0.11735394,2368.73754254323,303945.306896789,100958815.0,79178.0,126739845.0,80765.0,117129497.0,71931.0,125316966.0,77114.5,137994779.0,83172.5,159487649.0,82900.0,25,19419.884837270907,MID_HIGH_INCOME,MID_HIGH_INCOME
166,167,83.02,11001008302,2206,2141,1553,490,12,66,2,18,20,12,36,2,94,1487,487,10,64,2,9,18,8,31,2,1940,1367,448,11,60,2,9,15,12,18,2,62,1322,447,9,58,2,4,15,8,17,2,1032,966,66,64.46191668,0.10072175,2372.7001782277102,260868.12305757,98202439.0,75686.0,121676185.0,69139.0,115145078.0,72632.0,124644728.0,70932.0,122260480.0,77004.5,148237948.0,80862.0,25,21901.922871673694,MID_HIGH_INCOME,MID_HIGH_INCOME
167,168,84.02,11001008402,2149,2081,1156,846,7,51,4,17,34,21,20,6,99,1095,830,5,49,4,5,32,20,19,4,1920,1036,756,6,49,4,14,24,18,17,5,76,990,741,4,49,4,5,24,17,17,3,1270,1174,96,66.30755803,0.10360556,2657.4056500770803,268337.16866105,64090679.0,50048.0,84827411.0,55894.5,76375227.0,50961.0,83894892.0,54722.0,78279904.0,59253.0,95344734.0,63150.0,26,20742.130055568447,MID_INCOME,MID_INCOME
168,169,84.1,11001008410,1489,1463,451,958,4,24,3,23,16,10,3,1,71,421,942,4,22,3,4,16,8,3,1,1232,414,754,4,24,3,14,10,10,2,1,57,385,744,4,22,3,2,10,8,2,1,681,604,77,54.39444927,0.08499133,2326.0953368496803,220126.527661906,41390921.0,46940.0,54787972.0,48372.0,47944604.0,46774.0,51016505.0,48283.0,60603534.0,55593.0,71052704.0,58733.0,25,17519.43404109572,MID_INCOME,MID_INCOME
169,170,94.0,11001009400,4163,4038,370,3467,23,42,0,136,94,50,20,1,266,301,3424,22,41,0,12,80,44,18,1,3397,314,2846,20,36,0,94,69,42,10,1,180,264,2820,20,35,0,10,58,37,8,1,1792,1651,141,393.02472348,0.61410113,5500.077285011371,1590514.63581645,111394852.0,48688.0,122069723.0,49363.5,112928463.0,48019.0,119206939.0,49071.0,135842841.0,51938.5,139399116.0,52796.5,24,6779.013743224997,MID_INCOME,MID_INCOME
170,171,95.01,11001009501,5797,5595,2128,2827,36,108,10,486,99,49,58,15,831,1926,2778,21,102,5,9,78,42,54,12,5099,2093,2351,27,105,8,347,73,43,55,12,636,1916,2311,19,99,3,9,59,36,51,9,1954,1802,152,393.94025869,0.61553166,6251.16700772429,1594219.67538047,54810127.0,28094.0,66633719.98,28334.0,60953895.0,28147.0,64279289.0,27023.0,62507127.54,27422.5,71687637.0,29720.5,19,9417.874622403662,LOW_INCOME,LOW_INCOME
171,172,95.03,11001009503,2910,2810,432,2301,4,41,0,32,84,50,22,4,113,377,2276,3,41,0,7,79,48,21,4,2433,384,1917,4,36,0,22,59,42,11,4,83,342,1898,3,36,0,6,56,40,10,4,1256,1200,56,351.74808025,0.54960638,5448.74634862364,1423473.98609027,103688476.0,55760.0,93340693.3,55128.0,91164685.0,52882.0,103746641.0,55310.5,108517270.0,56626.5,113767916.01,60025.0,20,5294.698362126001,MID_INCOME,MID_INCOME
172,173,95.04,11001009504,3025,2940,643,2204,10,40,0,43,66,27,24,5,120,592,2187,5,40,0,3,62,27,24,5,2603,579,1892,7,38,0,28,44,20,17,3,89,540,1876,4,38,0,2,40,20,17,3,1354,1254,100,253.59064958,0.39623539,4227.41219002243,1026244.95498885,69274045.0,43233.0,76802968.0,44206.5,72545466.0,41582.0,78335079.0,43487.0,83501617.0,44864.5,92795105.0,48695.5,20,7634.350884205472,MID_INCOME,MID_INCOME
173,174,95.05,11001009505,2630,2571,145,2274,3,25,6,118,49,19,14,4,201,109,2249,2,25,2,4,36,13,11,0,2197,113,1934,2,22,4,82,33,13,7,1,140,89,1913,1,22,2,2,26,12,6,0,1217,1138,79,254.66865835,0.39791978,4571.65313238333,1030607.50172789,69676775.0,42972.0,74524698.0,41734.0,69233046.0,41221.0,72487872.0,42196.0,94197523.0,45732.0,105022944.0,46330.0,19,6609.372371486535,MID_INCOME,MID_INCOME
174,175,95.07,11001009507,1489,1460,53,1304,11,1,0,91,22,10,4,4,156,16,1292,2,1,0,1,21,9,4,4,1209,38,1075,10,1,0,64,15,10,4,1,110,14,1067,2,1,0,1,14,9,4,1,607,583,24,72.81292728,0.1137702,2483.11505524635,294663.464164052,35008824.0,38577.5,37021683.0,38410.0,34437488.0,36996.0,36555449.0,39274.0,39838674.0,38723.0,41834568.92,39851.0,19,13087.785729479248,MID_INCOME,MID_INCOME
175,176,95.08,11001009508,3290,3240,257,2821,11,30,0,121,38,24,11,2,235,182,2793,6,29,0,3,36,22,11,1,2785,227,2394,7,27,0,90,30,22,7,2,171,170,2376,5,26,0,3,28,20,7,1,1742,1578,164,231.9179867,0.36237186,5772.875427557629,938538.7995027159,67315108.95,38902.0,74438513.8,36844.0,70488991.0,37979.0,74847040.0,37529.0,76756174.0,38133.5,82172651.0,38670.5,19,9079.07142679346,MID_INCOME,MID_INCOME
176,177,95.09,11001009509,2940,2888,165,2592,5,33,0,93,48,7,14,3,169,124,2565,2,33,0,13,33,4,8,3,2400,142,2126,4,30,0,66,29,6,10,3,116,112,2114,2,30,0,5,20,4,7,3,1320,1258,62,159.55396195,0.24930307,3306.1970434095897,645691.9794701961,75556930.0,44708.0,83396856.4,45890.0,78005645.0,45617.5,80688699.0,44771.0,90266682.0,48269.0,94453371.0,50505.0,20,11792.87523414774,MID_INCOME,MID_INCOME
177,178,96.01,11001009601,2445,2420,27,2359,3,5,3,23,24,7,2,4,36,16,2357,3,5,3,0,24,7,2,4,1598,23,1534,3,2,2,18,15,6,2,4,27,16,1532,3,2,2,0,15,6,2,4,847,786,61,514.85017081,0.8044534000000001,6716.54976156894,2083524.73269691,27940966.0,24949.0,31190145.0,22438.0,29485769.0,24312.0,29883780.0,22301.0,33222152.0,25221.0,34565858.0,27655.0,29,3039.33080523993,LOW_INCOME,LOW_INCOME
178,179,96.02,11001009602,3280,3220,24,3166,9,3,0,18,58,26,3,0,40,20,3156,6,3,0,1,52,26,3,0,2287,17,2206,5,3,0,13,41,20,2,0,25,15,2199,4,3,0,1,38,20,2,0,1545,1445,100,341.00559835,0.53282125,4742.07139820473,1380000.70395183,28881426.0,24409.0,34651347.0,23135.5,29422702.0,23832.0,32067205.0,22962.5,41181793.0,23438.0,45174162.0,25037.0,30,6155.910636071665,LOW_INCOME,LOW_INCOME
